npm warn Unknown env config "manage-package-manager-versions". This will error in a future major version of npm. See `npm help npmrc` for supported config options.
npm notice run fantasy-map-generator@1.154.0 npx
npm notice run 'vitest' run --config vitest.browser.config.ts generators/underground-measure

 RUN  v4.1.11 /mnt/Mega/TestSpace/Fantasy-Map-Generator

stdout | src/generators/underground-measure.dom.test.ts:516:1 > measures underground alignment variants
SEED measure-a cells=6112 land=4410 burgs=870 subterranean=88 surfaceRoutes=573 {"roads":10,"trails":494,"searoutes":69} surfaceCells=2589 landRouteCells=1849 productionRoutes=57 longest=45
stdout | src/generators/underground-measure.dom.test.ts:516:1 > measures underground alignment variants
ROW {"seed":"measure-a","variant":"baseline-production","ms":0,"routes":57,"cells":567,"length":6016,"overlap":0.531,"overlapLand":0.531,"parallel":0.868,"exactEdge":0.256,"alongEdge":0.545,"bandShare":0.362,"medianRoadDistance":0.56,"bandByEndpointKind":{"dual":{"shared":78,"band":31,"share":0.3974358974358974},"fully-subterranean":{"shared":38,"band":15,"share":0.39473684210526316},"junction":{"shared":283,"band":110,"share":0.38869257950530034}},"histogram":[301,225,32,9],"burgsServed":68}
stdout | src/generators/underground-measure.dom.test.ts:516:1 > measures underground alignment variants
ROW {"seed":"measure-a","variant":"debug-real-noprune","ms":13,"routes":57,"cells":567,"length":6016,"overlap":0.531,"overlapLand":0.531,"parallel":0.868,"exactEdge":0.256,"alongEdge":0.545,"bandShare":0.362,"medianRoadDistance":0.56,"bandByEndpointKind":{"dual":{"shared":78,"band":31,"share":0.3974358974358974},"fully-subterranean":{"shared":38,"band":15,"share":0.39473684210526316},"junction":{"shared":283,"band":110,"share":0.38869257950530034}},"histogram":[301,225,32,9],"burgsServed":68}
stdout | src/generators/underground-measure.dom.test.ts:516:1 > measures underground alignment variants
ROW {"seed":"measure-a","variant":"debug-real-pruned","ms":12,"routes":57,"cells":567,"length":6016,"overlap":0.531,"overlapLand":0.531,"parallel":0.868,"exactEdge":0.256,"alongEdge":0.545,"bandShare":0.362,"medianRoadDistance":0.56,"bandByEndpointKind":{"dual":{"shared":78,"band":31,"share":0.3974358974358974},"fully-subterranean":{"shared":38,"band":15,"share":0.39473684210526316},"junction":{"shared":283,"band":110,"share":0.38869257950530034}},"histogram":[301,225,32,9],"burgsServed":68}
stdout | src/generators/underground-measure.dom.test.ts:516:1 > measures underground alignment variants
DEBUG replica stages: raw 136 routes/567 cells -> merged 57 routes -> pruned 57 routes/567 cells
stdout | src/generators/underground-measure.dom.test.ts:516:1 > measures underground alignment variants
ROW {"seed":"measure-a","variant":"replica-production","ms":13,"routes":57,"cells":567,"length":6016,"overlap":0.531,"overlapLand":0.531,"parallel":0.868,"exactEdge":0.256,"alongEdge":0.545,"bandShare":0.362,"medianRoadDistance":0.56,"bandByEndpointKind":{"dual":{"shared":78,"band":31,"share":0.3974358974358974},"fully-subterranean":{"shared":38,"band":15,"share":0.39473684210526316},"junction":{"shared":283,"band":110,"share":0.38869257950530034}},"histogram":[301,225,32,9],"burgsServed":68}
stdout | src/generators/underground-measure.dom.test.ts:516:1 > measures underground alignment variants
ROW {"seed":"measure-a","variant":"no-burg-attraction","ms":12,"routes":53,"cells":574,"length":5791,"overlap":0.598,"overlapLand":0.598,"parallel":0.888,"exactEdge":0.265,"alongEdge":0.566,"bandShare":0.306,"medianRoadDistance":0.47,"bandByEndpointKind":{"dual":{"shared":102,"band":34,"share":0.3333333333333333},"fully-subterranean":{"shared":31,"band":14,"share":0.45161290322580644},"junction":{"shared":293,"band":94,"share":0.32081911262798635}},"histogram":[343,199,26,6],"burgsServed":68}
stdout | src/generators/underground-measure.dom.test.ts:516:1 > measures underground alignment variants
ROW {"seed":"measure-a","variant":"combo-divergence","ms":12,"routes":57,"cells":622,"length":6934,"overlap":0.397,"overlapLand":0.394,"parallel":0.749,"exactEdge":0.076,"alongEdge":0.419,"bandShare":0.312,"medianRoadDistance":0.73,"bandByEndpointKind":{"dual":{"shared":91,"band":34,"share":0.37362637362637363},"fully-subterranean":{"shared":44,"band":16,"share":0.36363636363636365},"junction":{"shared":196,"band":67,"share":0.34183673469387754}},"histogram":[247,306,56,13],"burgsServed":67}
stdout | src/generators/underground-measure.dom.test.ts:516:1 > measures underground alignment variants
ROW {"seed":"measure-a","variant":"control-point","ms":4,"routes":51,"cells":603,"length":5581,"overlap":0.605,"overlapLand":0.605,"parallel":0.869,"exactEdge":0.275,"alongEdge":0.57,"bandShare":0.279,"medianRoadDistance":0.47,"bandByEndpointKind":{"dual":{"shared":110,"band":38,"share":0.34545454545454546},"fully-subterranean":{"shared":58,"band":14,"share":0.2413793103448276},"junction":{"shared":254,"band":80,"share":0.31496062992125984}},"histogram":[365,201,31,6],"burgsServed":67}
stdout | src/generators/underground-measure.dom.test.ts:516:1 > measures underground alignment variants
ROW {"seed":"measure-a","variant":"control-point-discount","ms":10,"routes":53,"cells":586,"length":5690,"overlap":0.611,"overlapLand":0.611,"parallel":0.882,"exactEdge":0.284,"alongEdge":0.582,"bandShare":0.288,"medianRoadDistance":0.46,"bandByEndpointKind":{"dual":{"shared":99,"band":32,"share":0.32323232323232326},"fully-subterranean":{"shared":35,"band":14,"share":0.4},"junction":{"shared":295,"band":92,"share":0.31186440677966104}},"histogram":[358,191,31,6],"burgsServed":67}
stdout | src/generators/underground-measure.dom.test.ts:516:1 > measures underground alignment variants
ROW {"seed":"measure-a","variant":"control-point-burg","ms":5,"routes":54,"cells":615,"length":6105,"overlap":0.763,"overlapLand":0.763,"parallel":0.908,"exactEdge":0.466,"alongEdge":0.68,"bandShare":0.256,"medianRoadDistance":0.28,"bandByEndpointKind":{"dual":{"shared":154,"band":42,"share":0.2727272727272727},"fully-subterranean":{"shared":87,"band":20,"share":0.22988505747126436},"junction":{"shared":312,"band":96,"share":0.3076923076923077}},"histogram":[469,126,16,4],"burgsServed":66}
stdout | src/generators/underground-measure.dom.test.ts:516:1 > measures underground alignment variants
ROW {"seed":"measure-a","variant":"control-point-discount-burg","ms":10,"routes":61,"cells":589,"length":6447,"overlap":0.761,"overlapLand":0.761,"parallel":0.91,"exactEdge":0.474,"alongEdge":0.686,"bandShare":0.292,"medianRoadDistance":0.28,"bandByEndpointKind":{"dual":{"shared":167,"band":45,"share":0.2694610778443114},"fully-subterranean":{"shared":58,"band":19,"share":0.3275862068965517},"junction":{"shared":361,"band":117,"share":0.32409972299168976}},"histogram":[448,121,16,4],"burgsServed":67}
stdout | src/generators/underground-measure.dom.test.ts:516:1 > measures underground alignment variants
ROW {"seed":"measure-a","variant":"gate-divergence","ms":11,"routes":59,"cells":624,"length":6968,"overlap":0.481,"overlapLand":0.478,"parallel":0.778,"exactEdge":0.15,"alongEdge":0.455,"bandShare":0.27,"medianRoadDistance":0.63,"bandByEndpointKind":{"dual":{"shared":88,"band":33,"share":0.375},"fully-subterranean":{"shared":53,"band":14,"share":0.2641509433962264},"junction":{"shared":240,"band":76,"share":0.31666666666666665}},"histogram":[300,266,45,13],"burgsServed":67}
stdout | src/generators/underground-measure.dom.test.ts:516:1 > measures underground alignment variants
ROW {"seed":"measure-a","variant":"smoothed-depth","ms":11,"routes":60,"cells":587,"length":6302,"overlap":0.741,"overlapLand":0.741,"parallel":0.906,"exactEdge":0.446,"alongEdge":0.651,"bandShare":0.29,"medianRoadDistance":0.31,"bandByEndpointKind":{"dual":{"shared":128,"band":42,"share":0.328125},"fully-subterranean":{"shared":46,"band":17,"share":0.3695652173913043},"junction":{"shared":380,"band":115,"share":0.3026315789473684}},"histogram":[435,127,19,6],"burgsServed":68}
stdout | src/generators/underground-measure.dom.test.ts:516:1 > measures underground alignment variants
ROW {"seed":"measure-a","variant":"force-production-back-to-3","ms":11,"routes":59,"cells":571,"length":6158,"overlap":0.566,"overlapLand":0.566,"parallel":0.88,"exactEdge":0.296,"alongEdge":0.581,"bandShare":0.347,"medianRoadDistance":0.52,"bandByEndpointKind":{"dual":{"shared":100,"band":37,"share":0.37},"fully-subterranean":{"shared":38,"band":15,"share":0.39473684210526316},"junction":{"shared":293,"band":110,"share":0.37542662116040953}},"histogram":[323,208,31,9],"burgsServed":68}
stdout | src/generators/underground-measure.dom.test.ts:516:1 > measures underground alignment variants
ROW {"seed":"measure-a","variant":"road-repulsion","ms":12,"routes":56,"cells":572,"length":6013,"overlap":0.416,"overlapLand":0.416,"parallel":0.815,"exactEdge":0.152,"alongEdge":0.473,"bandShare":0.382,"medianRoadDistance":0.71,"bandByEndpointKind":{"dual":{"shared":80,"band":34,"share":0.425},"fully-subterranean":{"shared":42,"band":14,"share":0.3333333333333333},"junction":{"shared":193,"band":87,"share":0.45077720207253885}},"histogram":[238,275,48,11],"burgsServed":67}
stdout | src/generators/underground-measure.dom.test.ts:516:1 > measures underground alignment variants
ROW {"seed":"measure-a","variant":"road-repulsion-strong","ms":11,"routes":58,"cells":569,"length":6194,"overlap":0.388,"overlapLand":0.387,"parallel":0.771,"exactEdge":0.136,"alongEdge":0.45,"bandShare":0.403,"medianRoadDistance":0.78,"bandByEndpointKind":{"dual":{"shared":77,"band":34,"share":0.44155844155844154},"fully-subterranean":{"shared":35,"band":14,"share":0.4},"junction":{"shared":192,"band":87,"share":0.453125}},"histogram":[221,270,62,16],"burgsServed":68}
stdout | src/generators/underground-measure.dom.test.ts:516:1 > measures underground alignment variants
ROW {"seed":"measure-a","variant":"longhaul-mst","ms":12,"routes":160,"cells":583,"length":11504,"overlap":0.52,"overlapLand":0.52,"parallel":0.882,"exactEdge":0.227,"alongEdge":0.492,"bandShare":0.647,"medianRoadDistance":0.58,"bandByEndpointKind":{"dual":{"shared":116,"band":55,"share":0.47413793103448276},"fully-subterranean":{"shared":183,"band":52,"share":0.28415300546448086},"junction":{"shared":561,"band":319,"share":0.5686274509803921}},"histogram":[303,234,36,10],"burgsServed":78}
stdout | src/generators/underground-measure.dom.test.ts:516:1 > measures underground alignment variants
ROW {"seed":"measure-a","variant":"trunk-spurs-25","ms":15,"routes":174,"cells":561,"length":11794,"overlap":0.54,"overlapLand":0.538,"parallel":0.854,"exactEdge":0.291,"alongEdge":0.529,"bandShare":0.604,"medianRoadDistance":0.55,"bandByEndpointKind":{"dual":{"shared":192,"band":62,"share":0.3229166666666667},"fully-subterranean":{"shared":79,"band":33,"share":0.4177215189873418},"junction":{"shared":631,"band":373,"share":0.5911251980982567}},"histogram":[303,217,33,8],"burgsServed":88}
stdout | src/generators/underground-measure.dom.test.ts:516:1 > measures underground alignment variants
ROW {"seed":"measure-a","variant":"trunk-spurs-10","ms":25,"routes":238,"cells":597,"length":18021,"overlap":0.486,"overlapLand":0.482,"parallel":0.76,"exactEdge":0.191,"alongEdge":0.445,"bandShare":0.641,"medianRoadDistance":0.67,"bandByEndpointKind":{"dual":{"shared":164,"band":55,"share":0.3353658536585366},"fully-subterranean":{"shared":83,"band":33,"share":0.39759036144578314},"junction":{"shared":996,"band":547,"share":0.5491967871485943}},"histogram":[290,228,65,14],"burgsServed":87}
stdout | src/generators/underground-measure.dom.test.ts:516:1 > measures underground alignment variants
SEED measure-b cells=5970 land=4220 burgs=801 subterranean=80 surfaceRoutes=577 {"roads":14,"trails":492,"searoutes":71} surfaceCells=2498 landRouteCells=1747 productionRoutes=50 longest=72
stdout | src/generators/underground-measure.dom.test.ts:516:1 > measures underground alignment variants
ROW {"seed":"measure-b","variant":"baseline-production","ms":0,"routes":50,"cells":543,"length":5707,"overlap":0.554,"overlapLand":0.552,"parallel":0.811,"exactEdge":0.262,"alongEdge":0.543,"bandShare":0.262,"medianRoadDistance":0.56,"bandByEndpointKind":{"dual":{"shared":121,"band":49,"share":0.4049586776859504},"fully-subterranean":{"shared":82,"band":21,"share":0.25609756097560976},"junction":{"shared":207,"band":60,"share":0.2898550724637681}},"histogram":[301,186,50,6],"burgsServed":54}
stdout | src/generators/underground-measure.dom.test.ts:516:1 > measures underground alignment variants
ROW {"seed":"measure-b","variant":"debug-real-noprune","ms":14,"routes":50,"cells":543,"length":5707,"overlap":0.554,"overlapLand":0.552,"parallel":0.811,"exactEdge":0.262,"alongEdge":0.543,"bandShare":0.262,"medianRoadDistance":0.56,"bandByEndpointKind":{"dual":{"shared":121,"band":49,"share":0.4049586776859504},"fully-subterranean":{"shared":82,"band":21,"share":0.25609756097560976},"junction":{"shared":207,"band":60,"share":0.2898550724637681}},"histogram":[301,186,50,6],"burgsServed":54}
stdout | src/generators/underground-measure.dom.test.ts:516:1 > measures underground alignment variants
ROW {"seed":"measure-b","variant":"debug-real-pruned","ms":11,"routes":50,"cells":543,"length":5707,"overlap":0.554,"overlapLand":0.552,"parallel":0.811,"exactEdge":0.262,"alongEdge":0.543,"bandShare":0.262,"medianRoadDistance":0.56,"bandByEndpointKind":{"dual":{"shared":121,"band":49,"share":0.4049586776859504},"fully-subterranean":{"shared":82,"band":21,"share":0.25609756097560976},"junction":{"shared":207,"band":60,"share":0.2898550724637681}},"histogram":[301,186,50,6],"burgsServed":54}
stdout | src/generators/underground-measure.dom.test.ts:516:1 > measures underground alignment variants
DEBUG replica stages: raw 124 routes/543 cells -> merged 50 routes -> pruned 50 routes/543 cells
stdout | src/generators/underground-measure.dom.test.ts:516:1 > measures underground alignment variants
ROW {"seed":"measure-b","variant":"replica-production","ms":11,"routes":50,"cells":543,"length":5707,"overlap":0.554,"overlapLand":0.552,"parallel":0.811,"exactEdge":0.262,"alongEdge":0.543,"bandShare":0.262,"medianRoadDistance":0.56,"bandByEndpointKind":{"dual":{"shared":121,"band":49,"share":0.4049586776859504},"fully-subterranean":{"shared":82,"band":21,"share":0.25609756097560976},"junction":{"shared":207,"band":60,"share":0.2898550724637681}},"histogram":[301,186,50,6],"burgsServed":54}
stdout | src/generators/underground-measure.dom.test.ts:516:1 > measures underground alignment variants
ROW {"seed":"measure-b","variant":"no-burg-attraction","ms":12,"routes":44,"cells":560,"length":5318,"overlap":0.611,"overlapLand":0.602,"parallel":0.825,"exactEdge":0.25,"alongEdge":0.55,"bandShare":0.234,"medianRoadDistance":0.48,"bandByEndpointKind":{"dual":{"shared":95,"band":30,"share":0.3157894736842105},"fully-subterranean":{"shared":123,"band":24,"share":0.1951219512195122},"junction":{"shared":187,"band":55,"share":0.29411764705882354}},"histogram":[342,170,44,4],"burgsServed":53}
stdout | src/generators/underground-measure.dom.test.ts:516:1 > measures underground alignment variants
ROW {"seed":"measure-b","variant":"combo-divergence","ms":15,"routes":49,"cells":602,"length":6820,"overlap":0.417,"overlapLand":0.409,"parallel":0.755,"exactEdge":0.114,"alongEdge":0.438,"bandShare":0.267,"medianRoadDistance":0.74,"bandByEndpointKind":{"dual":{"shared":71,"band":26,"share":0.36619718309859156},"fully-subterranean":{"shared":105,"band":19,"share":0.18095238095238095},"junction":{"shared":181,"band":64,"share":0.35359116022099446}},"histogram":[251,267,74,10],"burgsServed":53}
stdout | src/generators/underground-measure.dom.test.ts:516:1 > measures underground alignment variants
ROW {"seed":"measure-b","variant":"control-point","ms":4,"routes":42,"cells":577,"length":5281,"overlap":0.622,"overlapLand":0.614,"parallel":0.834,"exactEdge":0.284,"alongEdge":0.575,"bandShare":0.231,"medianRoadDistance":0.46,"bandByEndpointKind":{"dual":{"shared":91,"band":28,"share":0.3076923076923077},"fully-subterranean":{"shared":96,"band":23,"share":0.23958333333333334},"junction":{"shared":227,"band":58,"share":0.2555066079295154}},"histogram":[359,175,40,3],"burgsServed":53}
stdout | src/generators/underground-measure.dom.test.ts:516:1 > measures underground alignment variants
ROW {"seed":"measure-b","variant":"control-point-discount","ms":9,"routes":43,"cells":566,"length":5350,"overlap":0.613,"overlapLand":0.604,"parallel":0.825,"exactEdge":0.269,"alongEdge":0.565,"bandShare":0.239,"medianRoadDistance":0.48,"bandByEndpointKind":{"dual":{"shared":91,"band":28,"share":0.3076923076923077},"fully-subterranean":{"shared":126,"band":24,"share":0.19047619047619047},"junction":{"shared":193,"band":58,"share":0.3005181347150259}},"histogram":[347,172,43,4],"burgsServed":53}
stdout | src/generators/underground-measure.dom.test.ts:516:1 > measures underground alignment variants
ROW {"seed":"measure-b","variant":"control-point-burg","ms":5,"routes":54,"cells":570,"length":5843,"overlap":0.747,"overlapLand":0.747,"parallel":0.874,"exactEdge":0.459,"alongEdge":0.647,"bandShare":0.254,"medianRoadDistance":0.32,"bandByEndpointKind":{"dual":{"shared":194,"band":69,"share":0.3556701030927835},"fully-subterranean":{"shared":109,"band":26,"share":0.23853211009174313},"junction":{"shared":245,"band":74,"share":0.3020408163265306}},"histogram":[426,113,26,5],"burgsServed":56}
stdout | src/generators/underground-measure.dom.test.ts:516:1 > measures underground alignment variants
ROW {"seed":"measure-b","variant":"control-point-discount-burg","ms":10,"routes":56,"cells":559,"length":6135,"overlap":0.746,"overlapLand":0.746,"parallel":0.876,"exactEdge":0.475,"alongEdge":0.654,"bandShare":0.257,"medianRoadDistance":0.32,"bandByEndpointKind":{"dual":{"shared":157,"band":61,"share":0.3885350318471338},"fully-subterranean":{"shared":109,"band":26,"share":0.23853211009174313},"junction":{"shared":314,"band":91,"share":0.2898089171974522}},"histogram":[417,111,26,5],"burgsServed":55}
stdout | src/generators/underground-measure.dom.test.ts:516:1 > measures underground alignment variants
ROW {"seed":"measure-b","variant":"gate-divergence","ms":12,"routes":46,"cells":608,"length":6657,"overlap":0.47,"overlapLand":0.47,"parallel":0.758,"exactEdge":0.133,"alongEdge":0.472,"bandShare":0.227,"medianRoadDistance":0.67,"bandByEndpointKind":{"dual":{"shared":69,"band":24,"share":0.34782608695652173},"fully-subterranean":{"shared":43,"band":15,"share":0.3488372093023256},"junction":{"shared":257,"band":60,"share":0.23346303501945526}},"histogram":[286,245,67,10],"burgsServed":52}
stdout | src/generators/underground-measure.dom.test.ts:516:1 > measures underground alignment variants
ROW {"seed":"measure-b","variant":"smoothed-depth","ms":13,"routes":58,"cells":557,"length":6341,"overlap":0.747,"overlapLand":0.747,"parallel":0.885,"exactEdge":0.476,"alongEdge":0.669,"bandShare":0.257,"medianRoadDistance":0.32,"bandByEndpointKind":{"dual":{"shared":171,"band":69,"share":0.40350877192982454},"fully-subterranean":{"shared":63,"band":24,"share":0.38095238095238093},"junction":{"shared":363,"band":95,"share":0.26170798898071623}},"histogram":[416,110,26,5],"burgsServed":55}
stdout | src/generators/underground-measure.dom.test.ts:516:1 > measures underground alignment variants
ROW {"seed":"measure-b","variant":"force-production-back-to-3","ms":11,"routes":55,"cells":542,"length":6175,"overlap":0.577,"overlapLand":0.576,"parallel":0.833,"exactEdge":0.338,"alongEdge":0.602,"bandShare":0.284,"medianRoadDistance":0.53,"bandByEndpointKind":{"dual":{"shared":137,"band":61,"share":0.44525547445255476},"fully-subterranean":{"shared":93,"band":26,"share":0.27956989247311825},"junction":{"shared":233,"band":70,"share":0.30042918454935624}},"histogram":[313,176,47,6],"burgsServed":53}
stdout | src/generators/underground-measure.dom.test.ts:516:1 > measures underground alignment variants
ROW {"seed":"measure-b","variant":"road-repulsion","ms":12,"routes":48,"cells":542,"length":5745,"overlap":0.393,"overlapLand":0.391,"parallel":0.728,"exactEdge":0.131,"alongEdge":0.449,"bandShare":0.338,"medianRoadDistance":0.8,"bandByEndpointKind":{"dual":{"shared":46,"band":23,"share":0.5},"fully-subterranean":{"shared":62,"band":20,"share":0.3225806451612903},"junction":{"shared":181,"band":65,"share":0.35911602209944754}},"histogram":[213,241,73,15],"burgsServed":54}
stdout | src/generators/underground-measure.dom.test.ts:516:1 > measures underground alignment variants
ROW {"seed":"measure-b","variant":"road-repulsion-strong","ms":13,"routes":52,"cells":543,"length":6062,"overlap":0.366,"overlapLand":0.366,"parallel":0.68,"exactEdge":0.107,"alongEdge":0.4,"bandShare":0.372,"medianRoadDistance":0.89,"bandByEndpointKind":{"dual":{"shared":46,"band":23,"share":0.5},"fully-subterranean":{"shared":86,"band":22,"share":0.2558139534883721},"junction":{"shared":149,"band":63,"share":0.4228187919463087}},"histogram":[199,232,86,26],"burgsServed":53}
stdout | src/generators/underground-measure.dom.test.ts:516:1 > measures underground alignment variants
ROW {"seed":"measure-b","variant":"longhaul-mst","ms":14,"routes":159,"cells":540,"length":11790,"overlap":0.554,"overlapLand":0.552,"parallel":0.841,"exactEdge":0.302,"alongEdge":0.564,"bandShare":0.656,"medianRoadDistance":0.56,"bandByEndpointKind":{"dual":{"shared":234,"band":103,"share":0.44017094017094016},"fully-subterranean":{"shared":116,"band":43,"share":0.3706896551724138},"junction":{"shared":590,"band":295,"share":0.5}},"histogram":[299,184,51,6],"burgsServed":74}
stdout | src/generators/underground-measure.dom.test.ts:516:1 > measures underground alignment variants
ROW {"seed":"measure-b","variant":"trunk-spurs-25","ms":18,"routes":171,"cells":555,"length":11655,"overlap":0.485,"overlapLand":0.485,"parallel":0.779,"exactEdge":0.216,"alongEdge":0.541,"bandShare":0.569,"medianRoadDistance":0.72,"bandByEndpointKind":{"dual":{"shared":106,"band":58,"share":0.5471698113207547},"fully-subterranean":{"shared":124,"band":47,"share":0.3790322580645161},"junction":{"shared":596,"band":340,"share":0.5704697986577181}},"histogram":[269,192,74,20],"burgsServed":80}
stdout | src/generators/underground-measure.dom.test.ts:516:1 > measures underground alignment variants
ROW {"seed":"measure-b","variant":"trunk-spurs-10","ms":33,"routes":275,"cells":614,"length":21164,"overlap":0.451,"overlapLand":0.45,"parallel":0.73,"exactEdge":0.206,"alongEdge":0.475,"bandShare":0.574,"medianRoadDistance":0.79,"bandByEndpointKind":{"dual":{"shared":155,"band":57,"share":0.36774193548387096},"fully-subterranean":{"shared":49,"band":17,"share":0.3469387755102041},"junction":{"shared":1116,"band":580,"share":0.5197132616487455}},"histogram":[277,220,87,30],"burgsServed":79}
stdout | src/generators/underground-measure.dom.test.ts:516:1 > measures underground alignment variants
SEED measure-c cells=5601 land=4077 burgs=815 subterranean=82 surfaceRoutes=565 {"roads":9,"trails":478,"searoutes":78} surfaceCells=2216 landRouteCells=1661 productionRoutes=51 longest=66
stdout | src/generators/underground-measure.dom.test.ts:516:1 > measures underground alignment variants
ROW {"seed":"measure-c","variant":"baseline-production","ms":0,"routes":51,"cells":570,"length":6238,"overlap":0.502,"overlapLand":0.498,"parallel":0.767,"exactEdge":0.23,"alongEdge":0.502,"bandShare":0.315,"medianRoadDistance":0.69,"bandByEndpointKind":{"dual":{"shared":113,"band":38,"share":0.336283185840708},"fully-subterranean":{"shared":88,"band":21,"share":0.23863636363636365},"junction":{"shared":186,"band":81,"share":0.43548387096774194}},"histogram":[286,195,71,18],"burgsServed":53}
stdout | src/generators/underground-measure.dom.test.ts:516:1 > measures underground alignment variants
ROW {"seed":"measure-c","variant":"debug-real-noprune","ms":14,"routes":51,"cells":570,"length":6238,"overlap":0.502,"overlapLand":0.498,"parallel":0.767,"exactEdge":0.23,"alongEdge":0.502,"bandShare":0.315,"medianRoadDistance":0.69,"bandByEndpointKind":{"dual":{"shared":113,"band":38,"share":0.336283185840708},"fully-subterranean":{"shared":88,"band":21,"share":0.23863636363636365},"junction":{"shared":186,"band":81,"share":0.43548387096774194}},"histogram":[286,195,71,18],"burgsServed":53}
stdout | src/generators/underground-measure.dom.test.ts:516:1 > measures underground alignment variants
ROW {"seed":"measure-c","variant":"debug-real-pruned","ms":13,"routes":51,"cells":570,"length":6238,"overlap":0.502,"overlapLand":0.498,"parallel":0.767,"exactEdge":0.23,"alongEdge":0.502,"bandShare":0.315,"medianRoadDistance":0.69,"bandByEndpointKind":{"dual":{"shared":113,"band":38,"share":0.336283185840708},"fully-subterranean":{"shared":88,"band":21,"share":0.23863636363636365},"junction":{"shared":186,"band":81,"share":0.43548387096774194}},"histogram":[286,195,71,18],"burgsServed":53}
stdout | src/generators/underground-measure.dom.test.ts:516:1 > measures underground alignment variants
DEBUG replica stages: raw 142 routes/570 cells -> merged 51 routes -> pruned 51 routes/570 cells
stdout | src/generators/underground-measure.dom.test.ts:516:1 > measures underground alignment variants
ROW {"seed":"measure-c","variant":"replica-production","ms":14,"routes":51,"cells":570,"length":6238,"overlap":0.502,"overlapLand":0.498,"parallel":0.767,"exactEdge":0.23,"alongEdge":0.502,"bandShare":0.315,"medianRoadDistance":0.69,"bandByEndpointKind":{"dual":{"shared":113,"band":38,"share":0.336283185840708},"fully-subterranean":{"shared":88,"band":21,"share":0.23863636363636365},"junction":{"shared":186,"band":81,"share":0.43548387096774194}},"histogram":[286,195,71,18],"burgsServed":53}
stdout | src/generators/underground-measure.dom.test.ts:516:1 > measures underground alignment variants
ROW {"seed":"measure-c","variant":"no-burg-attraction","ms":12,"routes":44,"cells":598,"length":5667,"overlap":0.565,"overlapLand":0.559,"parallel":0.83,"exactEdge":0.232,"alongEdge":0.553,"bandShare":0.257,"medianRoadDistance":0.54,"bandByEndpointKind":{"dual":{"shared":144,"band":44,"share":0.3055555555555556},"fully-subterranean":{"shared":95,"band":21,"share":0.22105263157894736},"junction":{"shared":157,"band":54,"share":0.34394904458598724}},"histogram":[338,205,47,8],"burgsServed":54}
stdout | src/generators/underground-measure.dom.test.ts:516:1 > measures underground alignment variants
ROW {"seed":"measure-c","variant":"combo-divergence","ms":13,"routes":47,"cells":621,"length":7435,"overlap":0.386,"overlapLand":0.383,"parallel":0.726,"exactEdge":0.087,"alongEdge":0.403,"bandShare":0.287,"medianRoadDistance":0.83,"bandByEndpointKind":{"dual":{"shared":86,"band":34,"share":0.3953488372093023},"fully-subterranean":{"shared":78,"band":16,"share":0.20512820512820512},"junction":{"shared":156,"band":53,"share":0.33974358974358976}},"histogram":[240,270,89,22],"burgsServed":53}
stdout | src/generators/underground-measure.dom.test.ts:516:1 > measures underground alignment variants
ROW {"seed":"measure-c","variant":"control-point","ms":5,"routes":44,"cells":597,"length":5624,"overlap":0.576,"overlapLand":0.571,"parallel":0.856,"exactEdge":0.234,"alongEdge":0.571,"bandShare":0.25,"medianRoadDistance":0.51,"bandByEndpointKind":{"dual":{"shared":142,"band":43,"share":0.3028169014084507},"fully-subterranean":{"shared":98,"band":21,"share":0.21428571428571427},"junction":{"shared":161,"band":53,"share":0.32919254658385094}},"histogram":[344,206,40,7],"burgsServed":54}
stdout | src/generators/underground-measure.dom.test.ts:516:1 > measures underground alignment variants
ROW {"seed":"measure-c","variant":"control-point-discount","ms":10,"routes":45,"cells":593,"length":5669,"overlap":0.572,"overlapLand":0.565,"parallel":0.85,"exactEdge":0.227,"alongEdge":0.572,"bandShare":0.254,"medianRoadDistance":0.53,"bandByEndpointKind":{"dual":{"shared":143,"band":44,"share":0.3076923076923077},"fully-subterranean":{"shared":97,"band":20,"share":0.20618556701030927},"junction":{"shared":163,"band":55,"share":0.3374233128834356}},"histogram":[339,202,42,10],"burgsServed":54}
stdout | src/generators/underground-measure.dom.test.ts:516:1 > measures underground alignment variants
ROW {"seed":"measure-c","variant":"control-point-burg","ms":5,"routes":56,"cells":584,"length":6163,"overlap":0.748,"overlapLand":0.745,"parallel":0.901,"exactEdge":0.454,"alongEdge":0.665,"bandShare":0.254,"medianRoadDistance":0.32,"bandByEndpointKind":{"dual":{"shared":186,"band":63,"share":0.3387096774193548},"fully-subterranean":{"shared":80,"band":19,"share":0.2375},"junction":{"shared":279,"band":87,"share":0.3118279569892473}},"histogram":[437,111,30,6],"burgsServed":58}
stdout | src/generators/underground-measure.dom.test.ts:516:1 > measures underground alignment variants
ROW {"seed":"measure-c","variant":"control-point-discount-burg","ms":12,"routes":58,"cells":582,"length":6317,"overlap":0.751,"overlapLand":0.747,"parallel":0.904,"exactEdge":0.448,"alongEdge":0.666,"bandShare":0.256,"medianRoadDistance":0.32,"bandByEndpointKind":{"dual":{"shared":174,"band":60,"share":0.3448275862068966},"fully-subterranean":{"shared":74,"band":16,"share":0.21621621621621623},"junction":{"shared":312,"band":101,"share":0.32371794871794873}},"histogram":[437,109,30,6],"burgsServed":58}
stdout | src/generators/underground-measure.dom.test.ts:516:1 > measures underground alignment variants
ROW {"seed":"measure-c","variant":"gate-divergence","ms":12,"routes":49,"cells":602,"length":7505,"overlap":0.432,"overlapLand":0.429,"parallel":0.734,"exactEdge":0.137,"alongEdge":0.438,"bandShare":0.273,"medianRoadDistance":0.77,"bandByEndpointKind":{"dual":{"shared":101,"band":34,"share":0.33663366336633666},"fully-subterranean":{"shared":85,"band":18,"share":0.21176470588235294},"junction":{"shared":161,"band":55,"share":0.3416149068322981}},"histogram":[260,245,72,25],"burgsServed":53}
stdout | src/generators/underground-measure.dom.test.ts:516:1 > measures underground alignment variants
ROW {"seed":"measure-c","variant":"smoothed-depth","ms":12,"routes":59,"cells":574,"length":6333,"overlap":0.725,"overlapLand":0.721,"parallel":0.888,"exactEdge":0.44,"alongEdge":0.655,"bandShare":0.269,"medianRoadDistance":0.36,"bandByEndpointKind":{"dual":{"shared":173,"band":63,"share":0.36416184971098264},"fully-subterranean":{"shared":74,"band":16,"share":0.21621621621621623},"junction":{"shared":298,"band":101,"share":0.3389261744966443}},"histogram":[416,114,37,7],"burgsServed":58}
stdout | src/generators/underground-measure.dom.test.ts:516:1 > measures underground alignment variants
ROW {"seed":"measure-c","variant":"force-production-back-to-3","ms":11,"routes":56,"cells":569,"length":6348,"overlap":0.562,"overlapLand":0.561,"parallel":0.813,"exactEdge":0.278,"alongEdge":0.558,"bandShare":0.316,"medianRoadDistance":0.6,"bandByEndpointKind":{"dual":{"shared":152,"band":56,"share":0.3684210526315789},"fully-subterranean":{"shared":82,"band":25,"share":0.3048780487804878},"junction":{"shared":203,"band":83,"share":0.4088669950738916}},"histogram":[320,175,58,16],"burgsServed":56}
stdout | src/generators/underground-measure.dom.test.ts:516:1 > measures underground alignment variants
ROW {"seed":"measure-c","variant":"road-repulsion","ms":12,"routes":53,"cells":524,"length":6575,"overlap":0.366,"overlapLand":0.365,"parallel":0.71,"exactEdge":0.106,"alongEdge":0.403,"bandShare":0.411,"medianRoadDistance":0.9,"bandByEndpointKind":{"dual":{"shared":78,"band":37,"share":0.47435897435897434},"fully-subterranean":{"shared":43,"band":17,"share":0.3953488372093023},"junction":{"shared":162,"band":76,"share":0.4691358024691358}},"histogram":[192,220,82,30],"burgsServed":53}
stdout | src/generators/underground-measure.dom.test.ts:516:1 > measures underground alignment variants
ROW {"seed":"measure-c","variant":"road-repulsion-strong","ms":12,"routes":48,"cells":534,"length":6797,"overlap":0.318,"overlapLand":0.318,"parallel":0.653,"exactEdge":0.073,"alongEdge":0.361,"bandShare":0.412,"medianRoadDistance":1.01,"bandByEndpointKind":{"dual":{"shared":66,"band":31,"share":0.4696969696969697},"fully-subterranean":{"shared":70,"band":18,"share":0.2571428571428571},"junction":{"shared":111,"band":60,"share":0.5405405405405406}},"histogram":[170,227,99,38],"burgsServed":51}
stdout | src/generators/underground-measure.dom.test.ts:516:1 > measures underground alignment variants
ROW {"seed":"measure-c","variant":"longhaul-mst","ms":14,"routes":143,"cells":571,"length":10615,"overlap":0.51,"overlapLand":0.506,"parallel":0.813,"exactEdge":0.289,"alongEdge":0.557,"bandShare":0.605,"medianRoadDistance":0.66,"bandByEndpointKind":{"dual":{"shared":161,"band":70,"share":0.43478260869565216},"fully-subterranean":{"shared":101,"band":33,"share":0.32673267326732675},"junction":{"shared":519,"band":300,"share":0.5780346820809249}},"histogram":[291,197,67,16],"burgsServed":72}
stdout | src/generators/underground-measure.dom.test.ts:516:1 > measures underground alignment variants
ROW {"seed":"measure-c","variant":"trunk-spurs-25","ms":15,"routes":166,"cells":533,"length":11187,"overlap":0.492,"overlapLand":0.492,"parallel":0.87,"exactEdge":0.319,"alongEdge":0.555,"bandShare":0.668,"medianRoadDistance":0.66,"bandByEndpointKind":{"dual":{"shared":165,"band":97,"share":0.5878787878787879},"fully-subterranean":{"shared":99,"band":36,"share":0.36363636363636365},"junction":{"shared":640,"band":338,"share":0.528125}},"histogram":[262,207,48,16],"burgsServed":81}
stdout | src/generators/underground-measure.dom.test.ts:516:1 > measures underground alignment variants
ROW {"seed":"measure-c","variant":"trunk-spurs-10","ms":28,"routes":265,"cells":524,"length":20485,"overlap":0.479,"overlapLand":0.477,"parallel":0.854,"exactEdge":0.284,"alongEdge":0.524,"bandShare":0.677,"medianRoadDistance":0.72,"bandByEndpointKind":{"dual":{"shared":101,"band":43,"share":0.42574257425742573},"fully-subterranean":{"shared":153,"band":53,"share":0.3464052287581699},"junction":{"shared":1391,"band":660,"share":0.4744787922358016}},"histogram":[251,193,54,26],"burgsServed":80}
stdout | src/generators/underground-measure.dom.test.ts:516:1 > measures underground alignment variants
SEED measure-d cells=5958 land=4354 burgs=888 subterranean=88 surfaceRoutes=594 {"roads":11,"trails":498,"searoutes":85} surfaceCells=2931 landRouteCells=1946 productionRoutes=63 longest=57
stdout | src/generators/underground-measure.dom.test.ts:516:1 > measures underground alignment variants
ROW {"seed":"measure-d","variant":"baseline-production","ms":0,"routes":63,"cells":633,"length":6179,"overlap":0.49,"overlapLand":0.488,"parallel":0.776,"exactEdge":0.207,"alongEdge":0.472,"bandShare":0.348,"medianRoadDistance":0.65,"bandByEndpointKind":{"dual":{"shared":115,"band":62,"share":0.5391304347826087},"fully-subterranean":{"shared":120,"band":31,"share":0.25833333333333336},"junction":{"shared":145,"band":61,"share":0.4206896551724138}},"histogram":[310,246,64,13],"burgsServed":73}
stdout | src/generators/underground-measure.dom.test.ts:516:1 > measures underground alignment variants
ROW {"seed":"measure-d","variant":"debug-real-noprune","ms":13,"routes":63,"cells":633,"length":6179,"overlap":0.49,"overlapLand":0.488,"parallel":0.776,"exactEdge":0.207,"alongEdge":0.472,"bandShare":0.348,"medianRoadDistance":0.65,"bandByEndpointKind":{"dual":{"shared":115,"band":62,"share":0.5391304347826087},"fully-subterranean":{"shared":120,"band":31,"share":0.25833333333333336},"junction":{"shared":145,"band":61,"share":0.4206896551724138}},"histogram":[310,246,64,13],"burgsServed":73}
stdout | src/generators/underground-measure.dom.test.ts:516:1 > measures underground alignment variants
ROW {"seed":"measure-d","variant":"debug-real-pruned","ms":12,"routes":63,"cells":633,"length":6179,"overlap":0.49,"overlapLand":0.488,"parallel":0.776,"exactEdge":0.207,"alongEdge":0.472,"bandShare":0.348,"medianRoadDistance":0.65,"bandByEndpointKind":{"dual":{"shared":115,"band":62,"share":0.5391304347826087},"fully-subterranean":{"shared":120,"band":31,"share":0.25833333333333336},"junction":{"shared":145,"band":61,"share":0.4206896551724138}},"histogram":[310,246,64,13],"burgsServed":73}
stdout | src/generators/underground-measure.dom.test.ts:516:1 > measures underground alignment variants
DEBUG replica stages: raw 113 routes/633 cells -> merged 63 routes -> pruned 63 routes/633 cells
stdout | src/generators/underground-measure.dom.test.ts:516:1 > measures underground alignment variants
ROW {"seed":"measure-d","variant":"replica-production","ms":11,"routes":63,"cells":633,"length":6179,"overlap":0.49,"overlapLand":0.488,"parallel":0.776,"exactEdge":0.207,"alongEdge":0.472,"bandShare":0.348,"medianRoadDistance":0.65,"bandByEndpointKind":{"dual":{"shared":115,"band":62,"share":0.5391304347826087},"fully-subterranean":{"shared":120,"band":31,"share":0.25833333333333336},"junction":{"shared":145,"band":61,"share":0.4206896551724138}},"histogram":[310,246,64,13],"burgsServed":73}
stdout | src/generators/underground-measure.dom.test.ts:516:1 > measures underground alignment variants
ROW {"seed":"measure-d","variant":"no-burg-attraction","ms":10,"routes":62,"cells":653,"length":6129,"overlap":0.565,"overlapLand":0.562,"parallel":0.794,"exactEdge":0.245,"alongEdge":0.488,"bandShare":0.298,"medianRoadDistance":0.55,"bandByEndpointKind":{"dual":{"shared":137,"band":58,"share":0.4233576642335766},"fully-subterranean":{"shared":135,"band":29,"share":0.21481481481481482},"junction":{"shared":164,"band":64,"share":0.3902439024390244}},"histogram":[369,222,50,12],"burgsServed":73}
stdout | src/generators/underground-measure.dom.test.ts:516:1 > measures underground alignment variants
ROW {"seed":"measure-d","variant":"combo-divergence","ms":12,"routes":64,"cells":696,"length":7495,"overlap":0.364,"overlapLand":0.361,"parallel":0.703,"exactEdge":0.077,"alongEdge":0.37,"bandShare":0.3,"medianRoadDistance":0.82,"bandByEndpointKind":{"dual":{"shared":98,"band":49,"share":0.5},"fully-subterranean":{"shared":99,"band":21,"share":0.21212121212121213},"junction":{"shared":128,"band":50,"share":0.390625}},"histogram":[253,335,88,20],"burgsServed":73}
stdout | src/generators/underground-measure.dom.test.ts:516:1 > measures underground alignment variants
ROW {"seed":"measure-d","variant":"control-point","ms":5,"routes":61,"cells":673,"length":6111,"overlap":0.588,"overlapLand":0.585,"parallel":0.824,"exactEdge":0.255,"alongEdge":0.514,"bandShare":0.285,"medianRoadDistance":0.51,"bandByEndpointKind":{"dual":{"shared":146,"band":59,"share":0.4041095890410959},"fully-subterranean":{"shared":141,"band":31,"share":0.2198581560283688},"junction":{"shared":171,"band":64,"share":0.3742690058479532}},"histogram":[396,221,48,8],"burgsServed":73}
stdout | src/generators/underground-measure.dom.test.ts:516:1 > measures underground alignment variants
ROW {"seed":"measure-d","variant":"control-point-discount","ms":10,"routes":62,"cells":673,"length":6197,"overlap":0.59,"overlapLand":0.587,"parallel":0.827,"exactEdge":0.256,"alongEdge":0.519,"bandShare":0.287,"medianRoadDistance":0.51,"bandByEndpointKind":{"dual":{"shared":151,"band":60,"share":0.3973509933774834},"fully-subterranean":{"shared":142,"band":30,"share":0.2112676056338028},"junction":{"shared":174,"band":65,"share":0.3735632183908046}},"histogram":[397,220,48,8],"burgsServed":73}
stdout | src/generators/underground-measure.dom.test.ts:516:1 > measures underground alignment variants
ROW {"seed":"measure-d","variant":"control-point-burg","ms":4,"routes":65,"cells":658,"length":6501,"overlap":0.691,"overlapLand":0.69,"parallel":0.853,"exactEdge":0.415,"alongEdge":0.599,"bandShare":0.275,"medianRoadDistance":0.4,"bandByEndpointKind":{"dual":{"shared":181,"band":68,"share":0.3756906077348066},"fully-subterranean":{"shared":139,"band":33,"share":0.23741007194244604},"junction":{"shared":226,"band":77,"share":0.3407079646017699}},"histogram":[455,154,39,10],"burgsServed":73}
stdout | src/generators/underground-measure.dom.test.ts:516:1 > measures underground alignment variants
ROW {"seed":"measure-d","variant":"control-point-discount-burg","ms":12,"routes":72,"cells":647,"length":6678,"overlap":0.692,"overlapLand":0.691,"parallel":0.856,"exactEdge":0.41,"alongEdge":0.601,"bandShare":0.306,"medianRoadDistance":0.4,"bandByEndpointKind":{"dual":{"shared":222,"band":80,"share":0.36036036036036034},"fully-subterranean":{"shared":145,"band":34,"share":0.23448275862068965},"junction":{"shared":209,"band":92,"share":0.44019138755980863}},"histogram":[448,152,37,10],"burgsServed":74}
stdout | src/generators/underground-measure.dom.test.ts:516:1 > measures underground alignment variants
ROW {"seed":"measure-d","variant":"gate-divergence","ms":11,"routes":63,"cells":679,"length":7208,"overlap":0.424,"overlapLand":0.421,"parallel":0.72,"exactEdge":0.132,"alongEdge":0.403,"bandShare":0.285,"medianRoadDistance":0.75,"bandByEndpointKind":{"dual":{"shared":107,"band":52,"share":0.48598130841121495},"fully-subterranean":{"shared":108,"band":24,"share":0.2222222222222222},"junction":{"shared":142,"band":49,"share":0.34507042253521125}},"histogram":[288,286,89,16],"burgsServed":73}
stdout | src/generators/underground-measure.dom.test.ts:516:1 > measures underground alignment variants
ROW {"seed":"measure-d","variant":"smoothed-depth","ms":10,"routes":71,"cells":630,"length":6644,"overlap":0.684,"overlapLand":0.683,"parallel":0.843,"exactEdge":0.401,"alongEdge":0.582,"bandShare":0.297,"medianRoadDistance":0.41,"bandByEndpointKind":{"dual":{"shared":170,"band":75,"share":0.4411764705882353},"fully-subterranean":{"shared":152,"band":35,"share":0.23026315789473684},"junction":{"shared":229,"band":82,"share":0.35807860262008734}},"histogram":[431,150,37,12],"burgsServed":73}
stdout | src/generators/underground-measure.dom.test.ts:516:1 > measures underground alignment variants
ROW {"seed":"measure-d","variant":"force-production-back-to-3","ms":11,"routes":62,"cells":621,"length":6168,"overlap":0.536,"overlapLand":0.536,"parallel":0.803,"exactEdge":0.259,"alongEdge":0.505,"bandShare":0.33,"medianRoadDistance":0.59,"bandByEndpointKind":{"dual":{"shared":121,"band":62,"share":0.512396694214876},"fully-subterranean":{"shared":120,"band":31,"share":0.25833333333333336},"junction":{"shared":154,"band":59,"share":0.38311688311688313}},"histogram":[333,221,55,12],"burgsServed":73}
stdout | src/generators/underground-measure.dom.test.ts:516:1 > measures underground alignment variants
ROW {"seed":"measure-d","variant":"road-repulsion","ms":12,"routes":64,"cells":626,"length":6464,"overlap":0.367,"overlapLand":0.366,"parallel":0.741,"exactEdge":0.116,"alongEdge":0.407,"bandShare":0.404,"medianRoadDistance":0.84,"bandByEndpointKind":{"dual":{"shared":92,"band":53,"share":0.5760869565217391},"fully-subterranean":{"shared":88,"band":27,"share":0.3068181818181818},"junction":{"shared":115,"band":57,"share":0.4956521739130435}},"histogram":[230,285,95,16],"burgsServed":73}
stdout | src/generators/underground-measure.dom.test.ts:516:1 > measures underground alignment variants
ROW {"seed":"measure-d","variant":"road-repulsion-strong","ms":12,"routes":65,"cells":633,"length":6741,"overlap":0.34,"overlapLand":0.338,"parallel":0.714,"exactEdge":0.093,"alongEdge":0.371,"bandShare":0.414,"medianRoadDistance":0.89,"bandByEndpointKind":{"dual":{"shared":83,"band":50,"share":0.6024096385542169},"fully-subterranean":{"shared":85,"band":24,"share":0.2823529411764706},"junction":{"shared":113,"band":56,"share":0.49557522123893805}},"histogram":[215,293,102,23],"burgsServed":73}
stdout | src/generators/underground-measure.dom.test.ts:516:1 > measures underground alignment variants
ROW {"seed":"measure-d","variant":"longhaul-mst","ms":13,"routes":141,"cells":634,"length":10990,"overlap":0.492,"overlapLand":0.491,"parallel":0.778,"exactEdge":0.215,"alongEdge":0.488,"bandShare":0.561,"medianRoadDistance":0.65,"bandByEndpointKind":{"dual":{"shared":171,"band":63,"share":0.3684210526315789},"fully-subterranean":{"shared":138,"band":46,"share":0.3333333333333333},"junction":{"shared":435,"band":236,"share":0.542528735632184}},"histogram":[312,242,67,13],"burgsServed":78}
stdout | src/generators/underground-measure.dom.test.ts:516:1 > measures underground alignment variants
ROW {"seed":"measure-d","variant":"trunk-spurs-25","ms":13,"routes":130,"cells":601,"length":9762,"overlap":0.436,"overlapLand":0.434,"parallel":0.69,"exactEdge":0.107,"alongEdge":0.296,"bandShare":0.531,"medianRoadDistance":0.77,"bandByEndpointKind":{"dual":{"shared":117,"band":71,"share":0.6068376068376068},"fully-subterranean":{"shared":132,"band":36,"share":0.2727272727272727},"junction":{"shared":320,"band":190,"share":0.59375}},"histogram":[262,229,96,14],"burgsServed":87}
stdout | src/generators/underground-measure.dom.test.ts:516:1 > measures underground alignment variants
ROW {"seed":"measure-d","variant":"trunk-spurs-10","ms":27,"routes":234,"cells":623,"length":20276,"overlap":0.446,"overlapLand":0.445,"parallel":0.649,"exactEdge":0.142,"alongEdge":0.275,"bandShare":0.59,"medianRoadDistance":0.76,"bandByEndpointKind":{"dual":{"shared":29,"band":19,"share":0.6551724137931034},"fully-subterranean":{"shared":482,"band":138,"share":0.2863070539419087},"junction":{"shared":711,"band":358,"share":0.5035161744022504}},"histogram":[278,236,92,17],"burgsServed":88}
stdout | src/generators/underground-measure.dom.test.ts:516:1 > measures underground alignment variants
SEED measure-e cells=5892 land=4439 burgs=902 subterranean=90 surfaceRoutes=661 {"roads":12,"trails":536,"searoutes":113} surfaceCells=2753 landRouteCells=1923 productionRoutes=58 longest=117
stdout | src/generators/underground-measure.dom.test.ts:516:1 > measures underground alignment variants
ROW {"seed":"measure-e","variant":"baseline-production","ms":0,"routes":58,"cells":630,"length":6093,"overlap":0.516,"overlapLand":0.503,"parallel":0.825,"exactEdge":0.218,"alongEdge":0.544,"bandShare":0.305,"medianRoadDistance":0.6,"bandByEndpointKind":{"dual":{"shared":81,"band":44,"share":0.5432098765432098},"fully-subterranean":{"shared":79,"band":25,"share":0.31645569620253167},"junction":{"shared":256,"band":75,"share":0.29296875}},"histogram":[325,244,50,11],"burgsServed":66}
stdout | src/generators/underground-measure.dom.test.ts:516:1 > measures underground alignment variants
ROW {"seed":"measure-e","variant":"debug-real-noprune","ms":15,"routes":58,"cells":630,"length":6093,"overlap":0.516,"overlapLand":0.503,"parallel":0.825,"exactEdge":0.218,"alongEdge":0.544,"bandShare":0.305,"medianRoadDistance":0.6,"bandByEndpointKind":{"dual":{"shared":81,"band":44,"share":0.5432098765432098},"fully-subterranean":{"shared":79,"band":25,"share":0.31645569620253167},"junction":{"shared":256,"band":75,"share":0.29296875}},"histogram":[325,244,50,11],"burgsServed":66}
stdout | src/generators/underground-measure.dom.test.ts:516:1 > measures underground alignment variants
ROW {"seed":"measure-e","variant":"debug-real-pruned","ms":12,"routes":58,"cells":630,"length":6093,"overlap":0.516,"overlapLand":0.503,"parallel":0.825,"exactEdge":0.218,"alongEdge":0.544,"bandShare":0.305,"medianRoadDistance":0.6,"bandByEndpointKind":{"dual":{"shared":81,"band":44,"share":0.5432098765432098},"fully-subterranean":{"shared":79,"band":25,"share":0.31645569620253167},"junction":{"shared":256,"band":75,"share":0.29296875}},"histogram":[325,244,50,11],"burgsServed":66}
stdout | src/generators/underground-measure.dom.test.ts:516:1 > measures underground alignment variants
DEBUG replica stages: raw 129 routes/630 cells -> merged 58 routes -> pruned 58 routes/630 cells
stdout | src/generators/underground-measure.dom.test.ts:516:1 > measures underground alignment variants
ROW {"seed":"measure-e","variant":"replica-production","ms":12,"routes":58,"cells":630,"length":6093,"overlap":0.516,"overlapLand":0.503,"parallel":0.825,"exactEdge":0.218,"alongEdge":0.544,"bandShare":0.305,"medianRoadDistance":0.6,"bandByEndpointKind":{"dual":{"shared":81,"band":44,"share":0.5432098765432098},"fully-subterranean":{"shared":79,"band":25,"share":0.31645569620253167},"junction":{"shared":256,"band":75,"share":0.29296875}},"histogram":[325,244,50,11],"burgsServed":66}
stdout | src/generators/underground-measure.dom.test.ts:516:1 > measures underground alignment variants
ROW {"seed":"measure-e","variant":"no-burg-attraction","ms":11,"routes":60,"cells":644,"length":6140,"overlap":0.561,"overlapLand":0.548,"parallel":0.839,"exactEdge":0.251,"alongEdge":0.553,"bandShare":0.294,"medianRoadDistance":0.55,"bandByEndpointKind":{"dual":{"shared":97,"band":43,"share":0.44329896907216493},"fully-subterranean":{"shared":88,"band":29,"share":0.32954545454545453},"junction":{"shared":279,"band":81,"share":0.2903225806451613}},"histogram":[361,225,48,10],"burgsServed":66}
stdout | src/generators/underground-measure.dom.test.ts:516:1 > measures underground alignment variants
ROW {"seed":"measure-e","variant":"combo-divergence","ms":13,"routes":57,"cells":674,"length":7316,"overlap":0.426,"overlapLand":0.415,"parallel":0.787,"exactEdge":0.108,"alongEdge":0.469,"bandShare":0.272,"medianRoadDistance":0.71,"bandByEndpointKind":{"dual":{"shared":80,"band":38,"share":0.475},"fully-subterranean":{"shared":78,"band":24,"share":0.3076923076923077},"junction":{"shared":222,"band":60,"share":0.2702702702702703}},"histogram":[287,311,63,13],"burgsServed":66}
stdout | src/generators/underground-measure.dom.test.ts:516:1 > measures underground alignment variants
ROW {"seed":"measure-e","variant":"control-point","ms":4,"routes":59,"cells":659,"length":6084,"overlap":0.56,"overlapLand":0.546,"parallel":0.848,"exactEdge":0.248,"alongEdge":0.555,"bandShare":0.287,"medianRoadDistance":0.54,"bandByEndpointKind":{"dual":{"shared":102,"band":46,"share":0.45098039215686275},"fully-subterranean":{"shared":93,"band":29,"share":0.3118279569892473},"junction":{"shared":264,"band":77,"share":0.2916666666666667}},"histogram":[369,237,43,10],"burgsServed":67}
stdout | src/generators/underground-measure.dom.test.ts:516:1 > measures underground alignment variants
ROW {"seed":"measure-e","variant":"control-point-discount","ms":10,"routes":60,"cells":654,"length":6162,"overlap":0.56,"overlapLand":0.547,"parallel":0.848,"exactEdge":0.252,"alongEdge":0.561,"bandShare":0.287,"medianRoadDistance":0.54,"bandByEndpointKind":{"dual":{"shared":97,"band":43,"share":0.44329896907216493},"fully-subterranean":{"shared":93,"band":28,"share":0.3010752688172043},"junction":{"shared":279,"band":81,"share":0.2903225806451613}},"histogram":[366,235,43,10],"burgsServed":66}
stdout | src/generators/underground-measure.dom.test.ts:516:1 > measures underground alignment variants
ROW {"seed":"measure-e","variant":"control-point-burg","ms":5,"routes":62,"cells":652,"length":6368,"overlap":0.69,"overlapLand":0.684,"parallel":0.906,"exactEdge":0.355,"alongEdge":0.623,"bandShare":0.256,"medianRoadDistance":0.37,"bandByEndpointKind":{"dual":{"shared":129,"band":60,"share":0.46511627906976744},"fully-subterranean":{"shared":108,"band":31,"share":0.28703703703703703},"junction":{"shared":315,"band":83,"share":0.2634920634920635}},"histogram":[450,168,28,6],"burgsServed":66}
stdout | src/generators/underground-measure.dom.test.ts:516:1 > measures underground alignment variants
ROW {"seed":"measure-e","variant":"control-point-discount-burg","ms":12,"routes":66,"cells":649,"length":6483,"overlap":0.704,"overlapLand":0.698,"parallel":0.914,"exactEdge":0.356,"alongEdge":0.637,"bandShare":0.26,"medianRoadDistance":0.34,"bandByEndpointKind":{"dual":{"shared":129,"band":60,"share":0.46511627906976744},"fully-subterranean":{"shared":85,"band":28,"share":0.32941176470588235},"junction":{"shared":360,"band":96,"share":0.26666666666666666}},"histogram":[457,167,21,4],"burgsServed":67}
stdout | src/generators/underground-measure.dom.test.ts:516:1 > measures underground alignment variants
ROW {"seed":"measure-e","variant":"gate-divergence","ms":12,"routes":59,"cells":675,"length":7173,"overlap":0.467,"overlapLand":0.455,"parallel":0.804,"exactEdge":0.147,"alongEdge":0.479,"bandShare":0.279,"medianRoadDistance":0.66,"bandByEndpointKind":{"dual":{"shared":85,"band":40,"share":0.47058823529411764},"fully-subterranean":{"shared":57,"band":21,"share":0.3684210526315789},"junction":{"shared":264,"band":74,"share":0.2803030303030303}},"histogram":[315,287,60,13],"burgsServed":67}
stdout | src/generators/underground-measure.dom.test.ts:516:1 > measures underground alignment variants
ROW {"seed":"measure-e","variant":"smoothed-depth","ms":12,"routes":79,"cells":613,"length":7325,"overlap":0.68,"overlapLand":0.674,"parallel":0.912,"exactEdge":0.353,"alongEdge":0.647,"bandShare":0.302,"medianRoadDistance":0.37,"bandByEndpointKind":{"dual":{"shared":146,"band":50,"share":0.3424657534246575},"fully-subterranean":{"shared":80,"band":26,"share":0.325},"junction":{"shared":418,"band":150,"share":0.3588516746411483}},"histogram":[417,167,25,4],"burgsServed":67}
stdout | src/generators/underground-measure.dom.test.ts:516:1 > measures underground alignment variants
ROW {"seed":"measure-e","variant":"force-production-back-to-3","ms":12,"routes":61,"cells":626,"length":6180,"overlap":0.54,"overlapLand":0.534,"parallel":0.824,"exactEdge":0.228,"alongEdge":0.553,"bandShare":0.302,"medianRoadDistance":0.57,"bandByEndpointKind":{"dual":{"shared":92,"band":50,"share":0.5434782608695652},"fully-subterranean":{"shared":80,"band":26,"share":0.325},"junction":{"shared":257,"band":76,"share":0.29571984435797666}},"histogram":[338,230,47,11],"burgsServed":67}
stdout | src/generators/underground-measure.dom.test.ts:516:1 > measures underground alignment variants
ROW {"seed":"measure-e","variant":"road-repulsion","ms":13,"routes":60,"cells":631,"length":6357,"overlap":0.417,"overlapLand":0.407,"parallel":0.773,"exactEdge":0.135,"alongEdge":0.477,"bandShare":0.338,"medianRoadDistance":0.76,"bandByEndpointKind":{"dual":{"shared":68,"band":40,"share":0.5882352941176471},"fully-subterranean":{"shared":72,"band":25,"share":0.3472222222222222},"junction":{"shared":211,"band":74,"share":0.35071090047393366}},"histogram":[263,275,73,20],"burgsServed":67}
stdout | src/generators/underground-measure.dom.test.ts:516:1 > measures underground alignment variants
ROW {"seed":"measure-e","variant":"road-repulsion-strong","ms":14,"routes":60,"cells":637,"length":6436,"overlap":0.394,"overlapLand":0.385,"parallel":0.764,"exactEdge":0.112,"alongEdge":0.463,"bandShare":0.351,"medianRoadDistance":0.8,"bandByEndpointKind":{"dual":{"shared":65,"band":39,"share":0.6},"fully-subterranean":{"shared":71,"band":24,"share":0.3380281690140845},"junction":{"shared":202,"band":74,"share":0.36633663366336633}},"histogram":[251,287,77,22],"burgsServed":67}
stdout | src/generators/underground-measure.dom.test.ts:516:1 > measures underground alignment variants
ROW {"seed":"measure-e","variant":"longhaul-mst","ms":14,"routes":157,"cells":628,"length":11515,"overlap":0.519,"overlapLand":0.506,"parallel":0.864,"exactEdge":0.221,"alongEdge":0.541,"bandShare":0.638,"medianRoadDistance":0.6,"bandByEndpointKind":{"dual":{"shared":200,"band":77,"share":0.385},"fully-subterranean":{"shared":187,"band":46,"share":0.24598930481283424},"junction":{"shared":513,"band":306,"share":0.5964912280701754}},"histogram":[326,241,50,11],"burgsServed":84}
stdout | src/generators/underground-measure.dom.test.ts:516:1 > measures underground alignment variants
ROW {"seed":"measure-e","variant":"trunk-spurs-25","ms":17,"routes":157,"cells":644,"length":11315,"overlap":0.452,"overlapLand":0.45,"parallel":0.803,"exactEdge":0.161,"alongEdge":0.426,"bandShare":0.557,"medianRoadDistance":0.75,"bandByEndpointKind":{"dual":{"shared":82,"band":52,"share":0.6341463414634146},"fully-subterranean":{"shared":82,"band":40,"share":0.4878048780487805},"junction":{"shared":523,"band":288,"share":0.5506692160611855}},"histogram":[291,249,79,25],"burgsServed":90}
stdout | src/generators/underground-measure.dom.test.ts:516:1 > measures underground alignment variants
ROW {"seed":"measure-e","variant":"trunk-spurs-10","ms":38,"routes":309,"cells":597,"length":22954,"overlap":0.449,"overlapLand":0.444,"parallel":0.763,"exactEdge":0.102,"alongEdge":0.409,"bandShare":0.683,"medianRoadDistance":0.78,"bandByEndpointKind":{"dual":{"shared":66,"band":30,"share":0.45454545454545453},"fully-subterranean":{"shared":178,"band":50,"share":0.2808988764044944},"junction":{"shared":1074,"band":642,"share":0.5977653631284916}},"histogram":[268,229,65,35],"burgsServed":90}
stdout | src/generators/underground-measure.dom.test.ts:516:1 > measures underground alignment variants
SEED measure-f cells=6478 land=4526 burgs=874 subterranean=88 surfaceRoutes=610 {"roads":14,"trails":496,"searoutes":100} surfaceCells=2727 landRouteCells=1843 productionRoutes=84 longest=65
stdout | src/generators/underground-measure.dom.test.ts:516:1 > measures underground alignment variants
ROW {"seed":"measure-f","variant":"baseline-production","ms":0,"routes":84,"cells":562,"length":7213,"overlap":0.505,"overlapLand":0.505,"parallel":0.858,"exactEdge":0.278,"alongEdge":0.588,"bandShare":0.507,"medianRoadDistance":0.62,"bandByEndpointKind":{"dual":{"shared":104,"band":32,"share":0.3076923076923077},"fully-subterranean":{"shared":134,"band":39,"share":0.291044776119403},"junction":{"shared":298,"band":162,"share":0.5436241610738255}},"histogram":[284,216,51,11],"burgsServed":67}
stdout | src/generators/underground-measure.dom.test.ts:516:1 > measures underground alignment variants
ROW {"seed":"measure-f","variant":"debug-real-noprune","ms":17,"routes":84,"cells":562,"length":7213,"overlap":0.505,"overlapLand":0.505,"parallel":0.858,"exactEdge":0.278,"alongEdge":0.588,"bandShare":0.507,"medianRoadDistance":0.62,"bandByEndpointKind":{"dual":{"shared":104,"band":32,"share":0.3076923076923077},"fully-subterranean":{"shared":134,"band":39,"share":0.291044776119403},"junction":{"shared":298,"band":162,"share":0.5436241610738255}},"histogram":[284,216,51,11],"burgsServed":67}
stdout | src/generators/underground-measure.dom.test.ts:516:1 > measures underground alignment variants
ROW {"seed":"measure-f","variant":"debug-real-pruned","ms":14,"routes":84,"cells":562,"length":7213,"overlap":0.505,"overlapLand":0.505,"parallel":0.858,"exactEdge":0.278,"alongEdge":0.588,"bandShare":0.507,"medianRoadDistance":0.62,"bandByEndpointKind":{"dual":{"shared":104,"band":32,"share":0.3076923076923077},"fully-subterranean":{"shared":134,"band":39,"share":0.291044776119403},"junction":{"shared":298,"band":162,"share":0.5436241610738255}},"histogram":[284,216,51,11],"burgsServed":67}
stdout | src/generators/underground-measure.dom.test.ts:516:1 > measures underground alignment variants
DEBUG replica stages: raw 215 routes/562 cells -> merged 84 routes -> pruned 84 routes/562 cells
stdout | src/generators/underground-measure.dom.test.ts:516:1 > measures underground alignment variants
ROW {"seed":"measure-f","variant":"replica-production","ms":13,"routes":84,"cells":562,"length":7213,"overlap":0.505,"overlapLand":0.505,"parallel":0.858,"exactEdge":0.278,"alongEdge":0.588,"bandShare":0.507,"medianRoadDistance":0.62,"bandByEndpointKind":{"dual":{"shared":104,"band":32,"share":0.3076923076923077},"fully-subterranean":{"shared":134,"band":39,"share":0.291044776119403},"junction":{"shared":298,"band":162,"share":0.5436241610738255}},"histogram":[284,216,51,11],"burgsServed":67}
stdout | src/generators/underground-measure.dom.test.ts:516:1 > measures underground alignment variants
ROW {"seed":"measure-f","variant":"no-burg-attraction","ms":12,"routes":80,"cells":572,"length":6958,"overlap":0.594,"overlapLand":0.587,"parallel":0.894,"exactEdge":0.325,"alongEdge":0.617,"bandShare":0.453,"medianRoadDistance":0.49,"bandByEndpointKind":{"dual":{"shared":123,"band":40,"share":0.3252032520325203},"fully-subterranean":{"shared":140,"band":35,"share":0.25},"junction":{"shared":331,"band":164,"share":0.4954682779456193}},"histogram":[340,192,31,9],"burgsServed":68}
stdout | src/generators/underground-measure.dom.test.ts:516:1 > measures underground alignment variants
ROW {"seed":"measure-f","variant":"combo-divergence","ms":14,"routes":72,"cells":644,"length":7995,"overlap":0.43,"overlapLand":0.427,"parallel":0.788,"exactEdge":0.156,"alongEdge":0.487,"bandShare":0.408,"medianRoadDistance":0.71,"bandByEndpointKind":{"dual":{"shared":81,"band":24,"share":0.2962962962962963},"fully-subterranean":{"shared":161,"band":30,"share":0.18633540372670807},"junction":{"shared":219,"band":119,"share":0.54337899543379}},"histogram":[277,288,66,13],"burgsServed":67}
stdout | src/generators/underground-measure.dom.test.ts:516:1 > measures underground alignment variants
ROW {"seed":"measure-f","variant":"control-point","ms":5,"routes":60,"cells":624,"length":6315,"overlap":0.595,"overlapLand":0.59,"parallel":0.901,"exactEdge":0.295,"alongEdge":0.61,"bandShare":0.342,"medianRoadDistance":0.47,"bandByEndpointKind":{"dual":{"shared":108,"band":33,"share":0.3055555555555556},"fully-subterranean":{"shared":225,"band":39,"share":0.17333333333333334},"junction":{"shared":175,"band":99,"share":0.5657142857142857}},"histogram":[371,218,32,3],"burgsServed":66}
stdout | src/generators/underground-measure.dom.test.ts:516:1 > measures underground alignment variants
ROW {"seed":"measure-f","variant":"control-point-discount","ms":12,"routes":79,"cells":566,"length":6887,"overlap":0.599,"overlapLand":0.594,"parallel":0.896,"exactEdge":0.324,"alongEdge":0.624,"bandShare":0.448,"medianRoadDistance":0.49,"bandByEndpointKind":{"dual":{"shared":123,"band":39,"share":0.3170731707317073},"fully-subterranean":{"shared":140,"band":35,"share":0.25},"junction":{"shared":329,"band":163,"share":0.49544072948328266}},"histogram":[339,186,32,9],"burgsServed":68}
stdout | src/generators/underground-measure.dom.test.ts:516:1 > measures underground alignment variants
ROW {"seed":"measure-f","variant":"control-point-burg","ms":6,"routes":79,"cells":621,"length":7383,"overlap":0.733,"overlapLand":0.733,"parallel":0.93,"exactEdge":0.506,"alongEdge":0.707,"bandShare":0.356,"medianRoadDistance":0.31,"bandByEndpointKind":{"dual":{"shared":148,"band":48,"share":0.32432432432432434},"fully-subterranean":{"shared":150,"band":34,"share":0.22666666666666666},"junction":{"shared":419,"band":187,"share":0.44630071599045346}},"histogram":[455,141,22,3],"burgsServed":68}
stdout | src/generators/underground-measure.dom.test.ts:516:1 > measures underground alignment variants
ROW {"seed":"measure-f","variant":"control-point-discount-burg","ms":13,"routes":105,"cells":578,"length":8449,"overlap":0.749,"overlapLand":0.749,"parallel":0.94,"exactEdge":0.54,"alongEdge":0.733,"bandShare":0.43,"medianRoadDistance":0.29,"bandByEndpointKind":{"dual":{"shared":189,"band":54,"share":0.2857142857142857},"fully-subterranean":{"shared":120,"band":37,"share":0.30833333333333335},"junction":{"shared":568,"band":277,"share":0.4876760563380282}},"histogram":[433,124,18,3],"burgsServed":71}
stdout | src/generators/underground-measure.dom.test.ts:516:1 > measures underground alignment variants
ROW {"seed":"measure-f","variant":"gate-divergence","ms":14,"routes":81,"cells":637,"length":8339,"overlap":0.465,"overlapLand":0.465,"parallel":0.807,"exactEdge":0.204,"alongEdge":0.523,"bandShare":0.419,"medianRoadDistance":0.68,"bandByEndpointKind":{"dual":{"shared":87,"band":29,"share":0.3333333333333333},"fully-subterranean":{"shared":176,"band":30,"share":0.17045454545454544},"junction":{"shared":254,"band":140,"share":0.5511811023622047}},"histogram":[296,264,64,13],"burgsServed":66}
stdout | src/generators/underground-measure.dom.test.ts:516:1 > measures underground alignment variants
ROW {"seed":"measure-f","variant":"smoothed-depth","ms":13,"routes":111,"cells":567,"length":8810,"overlap":0.728,"overlapLand":0.728,"parallel":0.941,"exactEdge":0.528,"alongEdge":0.736,"bandShare":0.453,"medianRoadDistance":0.32,"bandByEndpointKind":{"dual":{"shared":189,"band":52,"share":0.2751322751322751},"fully-subterranean":{"shared":118,"band":35,"share":0.2966101694915254},"junction":{"shared":592,"band":293,"share":0.49493243243243246}},"histogram":[413,130,20,4],"burgsServed":70}
stdout | src/generators/underground-measure.dom.test.ts:516:1 > measures underground alignment variants
ROW {"seed":"measure-f","variant":"force-production-back-to-3","ms":13,"routes":98,"cells":558,"length":8180,"overlap":0.561,"overlapLand":0.561,"parallel":0.888,"exactEdge":0.401,"alongEdge":0.668,"bandShare":0.502,"medianRoadDistance":0.56,"bandByEndpointKind":{"dual":{"shared":122,"band":38,"share":0.3114754098360656},"fully-subterranean":{"shared":169,"band":39,"share":0.23076923076923078},"junction":{"shared":398,"band":226,"share":0.5678391959798995}},"histogram":[313,187,48,10],"burgsServed":69}
stdout | src/generators/underground-measure.dom.test.ts:516:1 > measures underground alignment variants
ROW {"seed":"measure-f","variant":"road-repulsion","ms":14,"routes":75,"cells":576,"length":7037,"overlap":0.422,"overlapLand":0.42,"parallel":0.813,"exactEdge":0.19,"alongEdge":0.527,"bandShare":0.519,"medianRoadDistance":0.76,"bandByEndpointKind":{"dual":{"shared":87,"band":32,"share":0.367816091954023},"fully-subterranean":{"shared":137,"band":40,"share":0.291970802919708},"junction":{"shared":219,"band":120,"share":0.547945205479452}},"histogram":[243,246,68,19],"burgsServed":67}
stdout | src/generators/underground-measure.dom.test.ts:516:1 > measures underground alignment variants
ROW {"seed":"measure-f","variant":"road-repulsion-strong","ms":14,"routes":79,"cells":564,"length":7472,"overlap":0.374,"overlapLand":0.374,"parallel":0.8,"exactEdge":0.095,"alongEdge":0.493,"bandShare":0.536,"medianRoadDistance":0.84,"bandByEndpointKind":{"dual":{"shared":74,"band":29,"share":0.3918918918918919},"fully-subterranean":{"shared":120,"band":40,"share":0.3333333333333333},"junction":{"shared":200,"band":114,"share":0.57}},"histogram":[211,256,74,23],"burgsServed":67}
stdout | src/generators/underground-measure.dom.test.ts:516:1 > measures underground alignment variants
ROW {"seed":"measure-f","variant":"longhaul-mst","ms":16,"routes":162,"cells":567,"length":11873,"overlap":0.515,"overlapLand":0.515,"parallel":0.86,"exactEdge":0.276,"alongEdge":0.578,"bandShare":0.699,"medianRoadDistance":0.62,"bandByEndpointKind":{"dual":{"shared":88,"band":49,"share":0.5568181818181818},"fully-subterranean":{"shared":159,"band":48,"share":0.3018867924528302},"junction":{"shared":656,"band":376,"share":0.573170731707317}},"histogram":[292,212,52,11],"burgsServed":78}
stdout | src/generators/underground-measure.dom.test.ts:516:1 > measures underground alignment variants
ROW {"seed":"measure-f","variant":"trunk-spurs-25","ms":12,"routes":157,"cells":549,"length":10325,"overlap":0.492,"overlapLand":0.492,"parallel":0.804,"exactEdge":0.23,"alongEdge":0.507,"bandShare":0.663,"medianRoadDistance":0.68,"bandByEndpointKind":{"dual":{"shared":173,"band":98,"share":0.5664739884393064},"fully-subterranean":{"shared":59,"band":33,"share":0.559322033898305},"junction":{"shared":525,"band":292,"share":0.5561904761904762}},"histogram":[270,194,74,11],"burgsServed":86}
stdout | src/generators/underground-measure.dom.test.ts:516:1 > measures underground alignment variants
ROW {"seed":"measure-f","variant":"trunk-spurs-10","ms":27,"routes":267,"cells":554,"length":19707,"overlap":0.486,"overlapLand":0.486,"parallel":0.802,"exactEdge":0.198,"alongEdge":0.408,"bandShare":0.725,"medianRoadDistance":0.72,"bandByEndpointKind":{"dual":{"shared":292,"band":114,"share":0.3904109589041096},"fully-subterranean":{"shared":36,"band":15,"share":0.4166666666666667},"junction":{"shared":1069,"band":624,"share":0.5837231057062675}},"histogram":[269,193,69,23],"burgsServed":87}
stdout | src/generators/underground-measure.dom.test.ts:516:1 > measures underground alignment variants
SEED measure-g cells=5581 land=4091 burgs=811 subterranean=82 surfaceRoutes=592 {"roads":9,"trails":494,"searoutes":89} surfaceCells=2501 landRouteCells=1751 productionRoutes=58 longest=39
stdout | src/generators/underground-measure.dom.test.ts:516:1 > measures underground alignment variants
ROW {"seed":"measure-g","variant":"baseline-production","ms":0,"routes":58,"cells":621,"length":6251,"overlap":0.535,"overlapLand":0.53,"parallel":0.828,"exactEdge":0.272,"alongEdge":0.545,"bandShare":0.289,"medianRoadDistance":0.62,"bandByEndpointKind":{"dual":{"shared":116,"band":39,"share":0.33620689655172414},"fully-subterranean":{"shared":73,"band":24,"share":0.3287671232876712},"junction":{"shared":251,"band":79,"share":0.3147410358565737}},"histogram":[332,210,59,20],"burgsServed":60}
stdout | src/generators/underground-measure.dom.test.ts:516:1 > measures underground alignment variants
ROW {"seed":"measure-g","variant":"debug-real-noprune","ms":16,"routes":58,"cells":621,"length":6251,"overlap":0.535,"overlapLand":0.53,"parallel":0.828,"exactEdge":0.272,"alongEdge":0.545,"bandShare":0.289,"medianRoadDistance":0.62,"bandByEndpointKind":{"dual":{"shared":116,"band":39,"share":0.33620689655172414},"fully-subterranean":{"shared":73,"band":24,"share":0.3287671232876712},"junction":{"shared":251,"band":79,"share":0.3147410358565737}},"histogram":[332,210,59,20],"burgsServed":60}
stdout | src/generators/underground-measure.dom.test.ts:516:1 > measures underground alignment variants
ROW {"seed":"measure-g","variant":"debug-real-pruned","ms":15,"routes":58,"cells":621,"length":6251,"overlap":0.535,"overlapLand":0.53,"parallel":0.828,"exactEdge":0.272,"alongEdge":0.545,"bandShare":0.289,"medianRoadDistance":0.62,"bandByEndpointKind":{"dual":{"shared":116,"band":39,"share":0.33620689655172414},"fully-subterranean":{"shared":73,"band":24,"share":0.3287671232876712},"junction":{"shared":251,"band":79,"share":0.3147410358565737}},"histogram":[332,210,59,20],"burgsServed":60}
stdout | src/generators/underground-measure.dom.test.ts:516:1 > measures underground alignment variants
DEBUG replica stages: raw 125 routes/621 cells -> merged 58 routes -> pruned 58 routes/621 cells
stdout | src/generators/underground-measure.dom.test.ts:516:1 > measures underground alignment variants
ROW {"seed":"measure-g","variant":"replica-production","ms":13,"routes":58,"cells":621,"length":6251,"overlap":0.535,"overlapLand":0.53,"parallel":0.828,"exactEdge":0.272,"alongEdge":0.545,"bandShare":0.289,"medianRoadDistance":0.62,"bandByEndpointKind":{"dual":{"shared":116,"band":39,"share":0.33620689655172414},"fully-subterranean":{"shared":73,"band":24,"share":0.3287671232876712},"junction":{"shared":251,"band":79,"share":0.3147410358565737}},"histogram":[332,210,59,20],"burgsServed":60}
stdout | src/generators/underground-measure.dom.test.ts:516:1 > measures underground alignment variants
ROW {"seed":"measure-g","variant":"no-burg-attraction","ms":12,"routes":59,"cells":638,"length":6145,"overlap":0.591,"overlapLand":0.585,"parallel":0.869,"exactEdge":0.307,"alongEdge":0.583,"bandShare":0.268,"medianRoadDistance":0.54,"bandByEndpointKind":{"dual":{"shared":120,"band":43,"share":0.35833333333333334},"fully-subterranean":{"shared":89,"band":27,"share":0.30337078651685395},"junction":{"shared":271,"band":80,"share":0.2952029520295203}},"histogram":[377,198,42,21],"burgsServed":61}
stdout | src/generators/underground-measure.dom.test.ts:516:1 > measures underground alignment variants
ROW {"seed":"measure-g","variant":"combo-divergence","ms":13,"routes":57,"cells":667,"length":6997,"overlap":0.432,"overlapLand":0.426,"parallel":0.755,"exactEdge":0.137,"alongEdge":0.434,"bandShare":0.264,"medianRoadDistance":0.74,"bandByEndpointKind":{"dual":{"shared":95,"band":34,"share":0.35789473684210527},"fully-subterranean":{"shared":70,"band":23,"share":0.32857142857142857},"junction":{"shared":208,"band":61,"share":0.2932692307692308}},"histogram":[288,284,74,21],"burgsServed":61}
stdout | src/generators/underground-measure.dom.test.ts:516:1 > measures underground alignment variants
ROW {"seed":"measure-g","variant":"control-point","ms":5,"routes":57,"cells":655,"length":6068,"overlap":0.605,"overlapLand":0.597,"parallel":0.874,"exactEdge":0.31,"alongEdge":0.595,"bandShare":0.26,"medianRoadDistance":0.51,"bandByEndpointKind":{"dual":{"shared":127,"band":43,"share":0.33858267716535434},"fully-subterranean":{"shared":90,"band":27,"share":0.3},"junction":{"shared":270,"band":74,"share":0.2740740740740741}},"histogram":[396,204,38,17],"burgsServed":61}
stdout | src/generators/underground-measure.dom.test.ts:516:1 > measures underground alignment variants
ROW {"seed":"measure-g","variant":"control-point-discount","ms":11,"routes":57,"cells":651,"length":6115,"overlap":0.605,"overlapLand":0.598,"parallel":0.874,"exactEdge":0.314,"alongEdge":0.593,"bandShare":0.261,"medianRoadDistance":0.51,"bandByEndpointKind":{"dual":{"shared":130,"band":44,"share":0.3384615384615385},"fully-subterranean":{"shared":90,"band":27,"share":0.3},"junction":{"shared":271,"band":74,"share":0.2730627306273063}},"histogram":[394,202,38,17],"burgsServed":61}
stdout | src/generators/underground-measure.dom.test.ts:516:1 > measures underground alignment variants
ROW {"seed":"measure-g","variant":"control-point-burg","ms":5,"routes":65,"cells":644,"length":6464,"overlap":0.745,"overlapLand":0.741,"parallel":0.911,"exactEdge":0.444,"alongEdge":0.624,"bandShare":0.269,"medianRoadDistance":0.32,"bandByEndpointKind":{"dual":{"shared":153,"band":56,"share":0.3660130718954248},"fully-subterranean":{"shared":88,"band":32,"share":0.36363636363636365},"junction":{"shared":361,"band":103,"share":0.2853185595567867}},"histogram":[480,134,16,14],"burgsServed":61}
stdout | src/generators/underground-measure.dom.test.ts:516:1 > measures underground alignment variants
ROW {"seed":"measure-g","variant":"control-point-discount-burg","ms":13,"routes":77,"cells":619,"length":7256,"overlap":0.738,"overlapLand":0.735,"parallel":0.901,"exactEdge":0.428,"alongEdge":0.619,"bandShare":0.304,"medianRoadDistance":0.34,"bandByEndpointKind":{"dual":{"shared":183,"band":75,"share":0.4098360655737705},"fully-subterranean":{"shared":95,"band":29,"share":0.30526315789473685},"junction":{"shared":401,"band":125,"share":0.3117206982543641}},"histogram":[457,130,18,14],"burgsServed":62}
stdout | src/generators/underground-measure.dom.test.ts:516:1 > measures underground alignment variants
ROW {"seed":"measure-g","variant":"gate-divergence","ms":13,"routes":60,"cells":657,"length":7131,"overlap":0.482,"overlapLand":0.476,"parallel":0.771,"exactEdge":0.183,"alongEdge":0.47,"bandShare":0.259,"medianRoadDistance":0.68,"bandByEndpointKind":{"dual":{"shared":105,"band":38,"share":0.3619047619047619},"fully-subterranean":{"shared":74,"band":22,"share":0.2972972972972973},"junction":{"shared":243,"band":70,"share":0.2880658436213992}},"histogram":[317,252,66,22],"burgsServed":61}
stdout | src/generators/underground-measure.dom.test.ts:516:1 > measures underground alignment variants
ROW {"seed":"measure-g","variant":"smoothed-depth","ms":12,"routes":77,"cells":606,"length":7125,"overlap":0.739,"overlapLand":0.736,"parallel":0.904,"exactEdge":0.438,"alongEdge":0.62,"bandShare":0.308,"medianRoadDistance":0.35,"bandByEndpointKind":{"dual":{"shared":185,"band":77,"share":0.41621621621621624},"fully-subterranean":{"shared":75,"band":24,"share":0.32},"junction":{"shared":409,"band":127,"share":0.3105134474327628}},"histogram":[448,122,20,16],"burgsServed":62}
stdout | src/generators/underground-measure.dom.test.ts:516:1 > measures underground alignment variants
ROW {"seed":"measure-g","variant":"force-production-back-to-3","ms":13,"routes":67,"cells":616,"length":6825,"overlap":0.594,"overlapLand":0.591,"parallel":0.853,"exactEdge":0.304,"alongEdge":0.57,"bandShare":0.311,"medianRoadDistance":0.55,"bandByEndpointKind":{"dual":{"shared":118,"band":41,"share":0.3474576271186441},"fully-subterranean":{"shared":72,"band":21,"share":0.2916666666666667},"junction":{"shared":339,"band":114,"share":0.336283185840708}},"histogram":[366,182,48,20],"burgsServed":59}
stdout | src/generators/underground-measure.dom.test.ts:516:1 > measures underground alignment variants
ROW {"seed":"measure-g","variant":"road-repulsion","ms":14,"routes":57,"cells":621,"length":6437,"overlap":0.415,"overlapLand":0.409,"parallel":0.74,"exactEdge":0.157,"alongEdge":0.463,"bandShare":0.341,"medianRoadDistance":0.83,"bandByEndpointKind":{"dual":{"shared":78,"band":35,"share":0.44871794871794873},"fully-subterranean":{"shared":57,"band":25,"share":0.43859649122807015},"junction":{"shared":207,"band":67,"share":0.32367149758454106}},"histogram":[258,249,78,36],"burgsServed":60}
stdout | src/generators/underground-measure.dom.test.ts:516:1 > measures underground alignment variants
ROW {"seed":"measure-g","variant":"road-repulsion-strong","ms":15,"routes":56,"cells":618,"length":6709,"overlap":0.377,"overlapLand":0.367,"parallel":0.722,"exactEdge":0.13,"alongEdge":0.434,"bandShare":0.373,"medianRoadDistance":0.88,"bandByEndpointKind":{"dual":{"shared":61,"band":29,"share":0.47540983606557374},"fully-subterranean":{"shared":44,"band":21,"share":0.4772727272727273},"junction":{"shared":212,"band":73,"share":0.3443396226415094}},"histogram":[233,264,83,38],"burgsServed":59}
stdout | src/generators/underground-measure.dom.test.ts:516:1 > measures underground alignment variants
ROW {"seed":"measure-g","variant":"longhaul-mst","ms":16,"routes":161,"cells":622,"length":11576,"overlap":0.535,"overlapLand":0.532,"parallel":0.843,"exactEdge":0.276,"alongEdge":0.577,"bandShare":0.616,"medianRoadDistance":0.63,"bandByEndpointKind":{"dual":{"shared":189,"band":64,"share":0.3386243386243386},"fully-subterranean":{"shared":152,"band":39,"share":0.2565789473684211},"junction":{"shared":565,"band":320,"share":0.5663716814159292}},"histogram":[333,209,60,20],"burgsServed":68}
stdout | src/generators/underground-measure.dom.test.ts:516:1 > measures underground alignment variants
ROW {"seed":"measure-g","variant":"trunk-spurs-25","ms":19,"routes":172,"cells":583,"length":12607,"overlap":0.47,"overlapLand":0.461,"parallel":0.797,"exactEdge":0.165,"alongEdge":0.508,"bandShare":0.624,"medianRoadDistance":0.72,"bandByEndpointKind":{"dual":{"shared":121,"band":55,"share":0.45454545454545453},"fully-subterranean":{"shared":84,"band":38,"share":0.4523809523809524},"junction":{"shared":590,"band":311,"share":0.5271186440677966}},"histogram":[274,218,70,21],"burgsServed":82}
stdout | src/generators/underground-measure.dom.test.ts:516:1 > measures underground alignment variants
ROW {"seed":"measure-g","variant":"trunk-spurs-10","ms":31,"routes":291,"cells":593,"length":21406,"overlap":0.46,"overlapLand":0.454,"parallel":0.79,"exactEdge":0.144,"alongEdge":0.454,"bandShare":0.637,"medianRoadDistance":0.77,"bandByEndpointKind":{"dual":{"shared":234,"band":99,"share":0.4230769230769231},"fully-subterranean":{"shared":68,"band":25,"share":0.36764705882352944},"junction":{"shared":1162,"band":587,"share":0.5051635111876076}},"histogram":[273,216,74,30],"burgsServed":82}
stdout | src/generators/underground-measure.dom.test.ts:516:1 > measures underground alignment variants
SEED measure-h cells=5468 land=4119 burgs=835 subterranean=84 surfaceRoutes=554 {"roads":14,"trails":449,"searoutes":91} surfaceCells=2696 landRouteCells=1897 productionRoutes=52 longest=70
stdout | src/generators/underground-measure.dom.test.ts:516:1 > measures underground alignment variants
ROW {"seed":"measure-h","variant":"baseline-production","ms":0,"routes":52,"cells":489,"length":4961,"overlap":0.497,"overlapLand":0.493,"parallel":0.775,"exactEdge":0.223,"alongEdge":0.515,"bandShare":0.354,"medianRoadDistance":0.65,"bandByEndpointKind":{"dual":{"shared":23,"band":19,"share":0.8260869565217391},"fully-subterranean":{"shared":125,"band":43,"share":0.344},"junction":{"shared":174,"band":72,"share":0.41379310344827586}},"histogram":[243,184,52,10],"burgsServed":60}
stdout | src/generators/underground-measure.dom.test.ts:516:1 > measures underground alignment variants
ROW {"seed":"measure-h","variant":"debug-real-noprune","ms":13,"routes":52,"cells":489,"length":4961,"overlap":0.497,"overlapLand":0.493,"parallel":0.775,"exactEdge":0.223,"alongEdge":0.515,"bandShare":0.354,"medianRoadDistance":0.65,"bandByEndpointKind":{"dual":{"shared":23,"band":19,"share":0.8260869565217391},"fully-subterranean":{"shared":125,"band":43,"share":0.344},"junction":{"shared":174,"band":72,"share":0.41379310344827586}},"histogram":[243,184,52,10],"burgsServed":60}
stdout | src/generators/underground-measure.dom.test.ts:516:1 > measures underground alignment variants
ROW {"seed":"measure-h","variant":"debug-real-pruned","ms":12,"routes":52,"cells":489,"length":4961,"overlap":0.497,"overlapLand":0.493,"parallel":0.775,"exactEdge":0.223,"alongEdge":0.515,"bandShare":0.354,"medianRoadDistance":0.65,"bandByEndpointKind":{"dual":{"shared":23,"band":19,"share":0.8260869565217391},"fully-subterranean":{"shared":125,"band":43,"share":0.344},"junction":{"shared":174,"band":72,"share":0.41379310344827586}},"histogram":[243,184,52,10],"burgsServed":60}
stdout | src/generators/underground-measure.dom.test.ts:516:1 > measures underground alignment variants
DEBUG replica stages: raw 116 routes/489 cells -> merged 52 routes -> pruned 52 routes/489 cells
stdout | src/generators/underground-measure.dom.test.ts:516:1 > measures underground alignment variants
ROW {"seed":"measure-h","variant":"replica-production","ms":10,"routes":52,"cells":489,"length":4961,"overlap":0.497,"overlapLand":0.493,"parallel":0.775,"exactEdge":0.223,"alongEdge":0.515,"bandShare":0.354,"medianRoadDistance":0.65,"bandByEndpointKind":{"dual":{"shared":23,"band":19,"share":0.8260869565217391},"fully-subterranean":{"shared":125,"band":43,"share":0.344},"junction":{"shared":174,"band":72,"share":0.41379310344827586}},"histogram":[243,184,52,10],"burgsServed":60}
stdout | src/generators/underground-measure.dom.test.ts:516:1 > measures underground alignment variants
ROW {"seed":"measure-h","variant":"no-burg-attraction","ms":9,"routes":51,"cells":487,"length":4830,"overlap":0.548,"overlapLand":0.542,"parallel":0.824,"exactEdge":0.286,"alongEdge":0.569,"bandShare":0.322,"medianRoadDistance":0.57,"bandByEndpointKind":{"dual":{"shared":25,"band":21,"share":0.84},"fully-subterranean":{"shared":136,"band":44,"share":0.3235294117647059},"junction":{"shared":182,"band":67,"share":0.36813186813186816}},"histogram":[267,172,39,9],"burgsServed":60}
stdout | src/generators/underground-measure.dom.test.ts:516:1 > measures underground alignment variants
ROW {"seed":"measure-h","variant":"combo-divergence","ms":10,"routes":54,"cells":516,"length":6022,"overlap":0.415,"overlapLand":0.407,"parallel":0.71,"exactEdge":0.108,"alongEdge":0.397,"bandShare":0.35,"medianRoadDistance":0.78,"bandByEndpointKind":{"dual":{"shared":22,"band":20,"share":0.9090909090909091},"fully-subterranean":{"shared":88,"band":40,"share":0.45454545454545453},"junction":{"shared":189,"band":65,"share":0.3439153439153439}},"histogram":[214,220,62,20],"burgsServed":60}
stdout | src/generators/underground-measure.dom.test.ts:516:1 > measures underground alignment variants
ROW {"seed":"measure-h","variant":"control-point","ms":4,"routes":50,"cells":505,"length":4772,"overlap":0.566,"overlapLand":0.56,"parallel":0.814,"exactEdge":0.308,"alongEdge":0.581,"bandShare":0.308,"medianRoadDistance":0.55,"bandByEndpointKind":{"dual":{"shared":25,"band":21,"share":0.84},"fully-subterranean":{"shared":151,"band":42,"share":0.2781456953642384},"junction":{"shared":178,"band":68,"share":0.38202247191011235}},"histogram":[286,168,41,10],"burgsServed":60}
stdout | src/generators/underground-measure.dom.test.ts:516:1 > measures underground alignment variants
ROW {"seed":"measure-h","variant":"control-point-discount","ms":10,"routes":50,"cells":493,"length":4810,"overlap":0.566,"overlapLand":0.56,"parallel":0.817,"exactEdge":0.317,"alongEdge":0.58,"bandShare":0.315,"medianRoadDistance":0.55,"bandByEndpointKind":{"dual":{"shared":25,"band":21,"share":0.84},"fully-subterranean":{"shared":147,"band":44,"share":0.29931972789115646},"junction":{"shared":185,"band":68,"share":0.3675675675675676}},"histogram":[279,166,38,10],"burgsServed":60}
stdout | src/generators/underground-measure.dom.test.ts:516:1 > measures underground alignment variants
ROW {"seed":"measure-h","variant":"control-point-burg","ms":5,"routes":54,"cells":501,"length":5063,"overlap":0.703,"overlapLand":0.699,"parallel":0.84,"exactEdge":0.451,"alongEdge":0.643,"bandShare":0.276,"medianRoadDistance":0.41,"bandByEndpointKind":{"dual":{"shared":24,"band":20,"share":0.8333333333333334},"fully-subterranean":{"shared":181,"band":45,"share":0.24861878453038674},"junction":{"shared":235,"band":82,"share":0.34893617021276596}},"histogram":[352,105,32,12],"burgsServed":60}
stdout | src/generators/underground-measure.dom.test.ts:516:1 > measures underground alignment variants
ROW {"seed":"measure-h","variant":"control-point-discount-burg","ms":12,"routes":55,"cells":496,"length":5129,"overlap":0.708,"overlapLand":0.704,"parallel":0.844,"exactEdge":0.453,"alongEdge":0.644,"bandShare":0.282,"medianRoadDistance":0.4,"bandByEndpointKind":{"dual":{"shared":24,"band":20,"share":0.8333333333333334},"fully-subterranean":{"shared":181,"band":45,"share":0.24861878453038674},"junction":{"shared":246,"band":88,"share":0.35772357723577236}},"histogram":[351,102,31,12],"burgsServed":59}
stdout | src/generators/underground-measure.dom.test.ts:516:1 > measures underground alignment variants
ROW {"seed":"measure-h","variant":"gate-divergence","ms":10,"routes":56,"cells":527,"length":5950,"overlap":0.457,"overlapLand":0.454,"parallel":0.752,"exactEdge":0.15,"alongEdge":0.452,"bandShare":0.353,"medianRoadDistance":0.72,"bandByEndpointKind":{"dual":{"shared":35,"band":22,"share":0.6285714285714286},"fully-subterranean":{"shared":82,"band":35,"share":0.4268292682926829},"junction":{"shared":219,"band":83,"share":0.3789954337899543}},"histogram":[241,211,57,18],"burgsServed":61}
stdout | src/generators/underground-measure.dom.test.ts:516:1 > measures underground alignment variants
ROW {"seed":"measure-h","variant":"smoothed-depth","ms":10,"routes":57,"cells":492,"length":5155,"overlap":0.671,"overlapLand":0.667,"parallel":0.837,"exactEdge":0.418,"alongEdge":0.621,"bandShare":0.297,"medianRoadDistance":0.45,"bandByEndpointKind":{"dual":{"shared":30,"band":24,"share":0.8},"fully-subterranean":{"shared":170,"band":45,"share":0.2647058823529412},"junction":{"shared":237,"band":90,"share":0.379746835443038}},"histogram":[330,114,36,12],"burgsServed":59}
stdout | src/generators/underground-measure.dom.test.ts:516:1 > measures underground alignment variants
ROW {"seed":"measure-h","variant":"force-production-back-to-3","ms":11,"routes":54,"cells":485,"length":5054,"overlap":0.548,"overlapLand":0.544,"parallel":0.765,"exactEdge":0.271,"alongEdge":0.526,"bandShare":0.346,"medianRoadDistance":0.6,"bandByEndpointKind":{"dual":{"shared":23,"band":19,"share":0.8260869565217391},"fully-subterranean":{"shared":129,"band":42,"share":0.32558139534883723},"junction":{"shared":199,"band":79,"share":0.3969849246231156}},"histogram":[266,157,52,10],"burgsServed":59}
stdout | src/generators/underground-measure.dom.test.ts:516:1 > measures underground alignment variants
ROW {"seed":"measure-h","variant":"road-repulsion","ms":11,"routes":53,"cells":478,"length":5104,"overlap":0.387,"overlapLand":0.385,"parallel":0.696,"exactEdge":0.129,"alongEdge":0.431,"bandShare":0.416,"medianRoadDistance":0.82,"bandByEndpointKind":{"dual":{"shared":18,"band":16,"share":0.8888888888888888},"fully-subterranean":{"shared":106,"band":42,"share":0.39622641509433965},"junction":{"shared":139,"band":65,"share":0.4676258992805755}},"histogram":[185,213,63,17],"burgsServed":59}
stdout | src/generators/underground-measure.dom.test.ts:516:1 > measures underground alignment variants
ROW {"seed":"measure-h","variant":"road-repulsion-strong","ms":11,"routes":53,"cells":483,"length":5218,"overlap":0.369,"overlapLand":0.369,"parallel":0.684,"exactEdge":0.107,"alongEdge":0.431,"bandShare":0.416,"medianRoadDistance":0.84,"bandByEndpointKind":{"dual":{"shared":18,"band":16,"share":0.8888888888888888},"fully-subterranean":{"shared":102,"band":42,"share":0.4117647058823529},"junction":{"shared":134,"band":64,"share":0.47761194029850745}},"histogram":[178,221,68,16],"burgsServed":59}
stdout | src/generators/underground-measure.dom.test.ts:516:1 > measures underground alignment variants
ROW {"seed":"measure-h","variant":"longhaul-mst","ms":14,"routes":133,"cells":483,"length":9151,"overlap":0.507,"overlapLand":0.503,"parallel":0.79,"exactEdge":0.222,"alongEdge":0.487,"bandShare":0.686,"medianRoadDistance":0.64,"bandByEndpointKind":{"dual":{"shared":90,"band":65,"share":0.7222222222222222},"fully-subterranean":{"shared":143,"band":52,"share":0.36363636363636365},"junction":{"shared":393,"band":212,"share":0.539440203562341}},"histogram":[245,176,52,10],"burgsServed":78}
stdout | src/generators/underground-measure.dom.test.ts:516:1 > measures underground alignment variants
ROW {"seed":"measure-h","variant":"trunk-spurs-25","ms":46,"routes":230,"cells":448,"length":19391,"overlap":0.478,"overlapLand":0.478,"parallel":0.796,"exactEdge":0.252,"alongEdge":0.545,"bandShare":0.724,"medianRoadDistance":0.73,"bandByEndpointKind":{"dual":{"shared":37,"band":26,"share":0.7027027027027027},"fully-subterranean":{"shared":122,"band":53,"share":0.4344262295081967},"junction":{"shared":1113,"band":495,"share":0.444743935309973}},"histogram":[214,159,55,20],"burgsServed":84}
stdout | src/generators/underground-measure.dom.test.ts:516:1 > measures underground alignment variants
ROW {"seed":"measure-h","variant":"trunk-spurs-10","ms":72,"routes":305,"cells":494,"length":28953,"overlap":0.484,"overlapLand":0.482,"parallel":0.772,"exactEdge":0.214,"alongEdge":0.493,"bandShare":0.695,"medianRoadDistance":0.75,"bandByEndpointKind":{"dual":{"shared":50,"band":39,"share":0.78},"fully-subterranean":{"shared":115,"band":20,"share":0.17391304347826086},"junction":{"shared":1718,"band":642,"share":0.37369033760186265}},"histogram":[239,168,60,27],"burgsServed":84}
stdout | src/generators/underground-measure.dom.test.ts:516:1 > measures underground alignment variants
AGG {"variant":"baseline-production","seeds":8,"overlap":0.516,"overlapLand":0.513,"parallel":0.813,"exactEdge":0.243,"alongEdge":0.532,"ms":0,"burgsServed":0.733,"bandByEndpointKind":{"dual":{"shared":751,"band":314,"share":0.418},"fully-subterranean":{"shared":739,"band":219,"share":0.296},"junction":{"shared":1800,"band":700,"share":0.389}},"lengthOverlap":0.701,"bandShare":0.343,"medianRoadDistance":0.62,"cells":577,"routes":59,"length":6082,"lengthRatio":1,"dOverlap":0,"dParallel":0,"worstOverlapDelta":0,"bestOverlapDelta":0}
stdout | src/generators/underground-measure.dom.test.ts:516:1 > measures underground alignment variants
AGG {"variant":"debug-real-noprune","seeds":8,"overlap":0.516,"overlapLand":0.513,"parallel":0.813,"exactEdge":0.243,"alongEdge":0.532,"ms":14,"burgsServed":0.733,"bandByEndpointKind":{"dual":{"shared":751,"band":314,"share":0.418},"fully-subterranean":{"shared":739,"band":219,"share":0.296},"junction":{"shared":1800,"band":700,"share":0.389}},"lengthOverlap":0.701,"bandShare":0.343,"medianRoadDistance":0.62,"cells":577,"routes":59,"length":6082,"lengthRatio":1,"dOverlap":0,"dParallel":0,"worstOverlapDelta":0,"bestOverlapDelta":0}
stdout | src/generators/underground-measure.dom.test.ts:516:1 > measures underground alignment variants
AGG {"variant":"debug-real-pruned","seeds":8,"overlap":0.516,"overlapLand":0.513,"parallel":0.813,"exactEdge":0.243,"alongEdge":0.532,"ms":13,"burgsServed":0.733,"bandByEndpointKind":{"dual":{"shared":751,"band":314,"share":0.418},"fully-subterranean":{"shared":739,"band":219,"share":0.296},"junction":{"shared":1800,"band":700,"share":0.389}},"lengthOverlap":0.701,"bandShare":0.343,"medianRoadDistance":0.62,"cells":577,"routes":59,"length":6082,"lengthRatio":1,"dOverlap":0,"dParallel":0,"worstOverlapDelta":0,"bestOverlapDelta":0}
stdout | src/generators/underground-measure.dom.test.ts:516:1 > measures underground alignment variants
AGG {"variant":"replica-production","seeds":8,"overlap":0.516,"overlapLand":0.513,"parallel":0.813,"exactEdge":0.243,"alongEdge":0.532,"ms":12,"burgsServed":0.733,"bandByEndpointKind":{"dual":{"shared":751,"band":314,"share":0.418},"fully-subterranean":{"shared":739,"band":219,"share":0.296},"junction":{"shared":1800,"band":700,"share":0.389}},"lengthOverlap":0.701,"bandShare":0.343,"medianRoadDistance":0.62,"cells":577,"routes":59,"length":6082,"lengthRatio":1,"dOverlap":0,"dParallel":0,"worstOverlapDelta":0,"bestOverlapDelta":0}
stdout | src/generators/underground-measure.dom.test.ts:516:1 > measures underground alignment variants
AGG {"variant":"no-burg-attraction","seeds":8,"overlap":0.579,"overlapLand":0.573,"parallel":0.845,"exactEdge":0.27,"alongEdge":0.56,"ms":11,"burgsServed":0.736,"bandByEndpointKind":{"dual":{"shared":843,"band":313,"share":0.371},"fully-subterranean":{"shared":837,"band":223,"share":0.266},"junction":{"shared":1864,"band":659,"share":0.354}},"lengthOverlap":0.748,"bandShare":0.304,"medianRoadDistance":0.52,"cells":591,"routes":57,"length":5872,"lengthRatio":0.965,"dOverlap":0.063,"dParallel":0.032,"worstOverlapDelta":0.089,"bestOverlapDelta":0}
stdout | src/generators/underground-measure.dom.test.ts:516:1 > measures underground alignment variants
AGG {"variant":"combo-divergence","seeds":8,"overlap":0.408,"overlapLand":0.403,"parallel":0.747,"exactEdge":0.108,"alongEdge":0.427,"ms":13,"burgsServed":0.732,"bandByEndpointKind":{"dual":{"shared":624,"band":259,"share":0.415},"fully-subterranean":{"shared":723,"band":189,"share":0.261},"junction":{"shared":1499,"band":539,"share":0.36}},"lengthOverlap":0.608,"bandShare":0.308,"medianRoadDistance":0.76,"cells":630,"routes":57,"length":7127,"lengthRatio":1.174,"dOverlap":-0.108,"dParallel":-0.067,"worstOverlapDelta":0,"bestOverlapDelta":-0.137}
stdout | src/generators/underground-measure.dom.test.ts:516:1 > measures underground alignment variants
AGG {"variant":"control-point","seeds":8,"overlap":0.59,"overlapLand":0.584,"parallel":0.853,"exactEdge":0.276,"alongEdge":0.572,"ms":5,"burgsServed":0.733,"bandByEndpointKind":{"dual":{"shared":851,"band":311,"share":0.365},"fully-subterranean":{"shared":952,"band":226,"share":0.237},"junction":{"shared":1700,"band":573,"share":0.337}},"lengthOverlap":0.752,"bandShare":0.28,"medianRoadDistance":0.5,"cells":612,"routes":53,"length":5730,"lengthRatio":0.944,"dOverlap":0.074,"dParallel":0.039,"worstOverlapDelta":0.099,"bestOverlapDelta":0}
stdout | src/generators/underground-measure.dom.test.ts:516:1 > measures underground alignment variants
AGG {"variant":"control-point-discount","seeds":8,"overlap":0.589,"overlapLand":0.583,"parallel":0.852,"exactEdge":0.28,"alongEdge":0.574,"ms":10,"burgsServed":0.735,"bandByEndpointKind":{"dual":{"shared":859,"band":311,"share":0.362},"fully-subterranean":{"shared":870,"band":222,"share":0.255},"junction":{"shared":1889,"band":656,"share":0.347}},"lengthOverlap":0.755,"bandShare":0.297,"medianRoadDistance":0.51,"cells":598,"routes":56,"length":5860,"lengthRatio":0.964,"dOverlap":0.073,"dParallel":0.039,"worstOverlapDelta":0.1,"bestOverlapDelta":0}
stdout | src/generators/underground-measure.dom.test.ts:516:1 > measures underground alignment variants
AGG {"variant":"control-point-burg","seeds":8,"overlap":0.728,"overlapLand":0.725,"parallel":0.89,"exactEdge":0.444,"alongEdge":0.648,"ms":5,"burgsServed":0.744,"bandByEndpointKind":{"dual":{"shared":1169,"band":426,"share":0.364},"fully-subterranean":{"shared":942,"band":240,"share":0.255},"junction":{"shared":2392,"band":789,"share":0.33}},"lengthOverlap":0.856,"bandShare":0.274,"medianRoadDistance":0.34,"cells":606,"routes":61,"length":6236,"lengthRatio":1.025,"dOverlap":0.211,"dParallel":0.077,"worstOverlapDelta":0.247,"bestOverlapDelta":0}
stdout | src/generators/underground-measure.dom.test.ts:516:1 > measures underground alignment variants
AGG {"variant":"control-point-discount-burg","seeds":8,"overlap":0.731,"overlapLand":0.729,"parallel":0.893,"exactEdge":0.448,"alongEdge":0.655,"ms":12,"burgsServed":0.751,"bandByEndpointKind":{"dual":{"shared":1245,"band":455,"share":0.365},"fully-subterranean":{"shared":867,"band":234,"share":0.27},"junction":{"shared":2771,"band":987,"share":0.356}},"lengthOverlap":0.865,"bandShare":0.298,"medianRoadDistance":0.34,"cells":590,"routes":69,"length":6612,"lengthRatio":1.084,"dOverlap":0.215,"dParallel":0.08,"worstOverlapDelta":0.249,"bestOverlapDelta":0}
stdout | src/generators/underground-measure.dom.test.ts:516:1 > measures underground alignment variants
AGG {"variant":"gate-divergence","seeds":8,"overlap":0.46,"overlapLand":0.456,"parallel":0.766,"exactEdge":0.155,"alongEdge":0.461,"ms":12,"burgsServed":0.731,"bandByEndpointKind":{"dual":{"shared":677,"band":272,"share":0.402},"fully-subterranean":{"shared":678,"band":179,"share":0.264},"junction":{"shared":1780,"band":607,"share":0.341}},"lengthOverlap":0.657,"bandShare":0.296,"medianRoadDistance":0.7,"cells":626,"routes":59,"length":7116,"lengthRatio":1.171,"dOverlap":-0.056,"dParallel":-0.048,"worstOverlapDelta":0,"bestOverlapDelta":-0.084}
stdout | src/generators/underground-measure.dom.test.ts:516:1 > measures underground alignment variants
AGG {"variant":"smoothed-depth","seeds":8,"overlap":0.714,"overlapLand":0.712,"parallel":0.89,"exactEdge":0.438,"alongEdge":0.648,"ms":12,"burgsServed":0.749,"bandByEndpointKind":{"dual":{"shared":1192,"band":452,"share":0.379},"fully-subterranean":{"shared":778,"band":222,"share":0.285},"junction":{"shared":2926,"band":1053,"share":0.36}},"lengthOverlap":0.856,"bandShare":0.309,"medianRoadDistance":0.36,"cells":578,"routes":72,"length":6754,"lengthRatio":1.106,"dOverlap":0.198,"dParallel":0.076,"worstOverlapDelta":0.223,"bestOverlapDelta":0}
stdout | src/generators/underground-measure.dom.test.ts:516:1 > measures underground alignment variants
AGG {"variant":"force-production-back-to-3","seeds":8,"overlap":0.561,"overlapLand":0.558,"parallel":0.832,"exactEdge":0.297,"alongEdge":0.57,"ms":12,"burgsServed":0.737,"bandByEndpointKind":{"dual":{"shared":865,"band":364,"share":0.421},"fully-subterranean":{"shared":783,"band":225,"share":0.287},"junction":{"shared":2076,"band":817,"share":0.394}},"lengthOverlap":0.75,"bandShare":0.342,"medianRoadDistance":0.56,"cells":574,"routes":64,"length":6386,"lengthRatio":1.048,"dOverlap":0.044,"dParallel":0.019,"worstOverlapDelta":0.061,"bestOverlapDelta":0}
stdout | src/generators/underground-measure.dom.test.ts:516:1 > measures underground alignment variants
AGG {"variant":"road-repulsion","seeds":8,"overlap":0.398,"overlapLand":0.395,"parallel":0.752,"exactEdge":0.139,"alongEdge":0.454,"ms":13,"burgsServed":0.732,"bandByEndpointKind":{"dual":{"shared":547,"band":270,"share":0.494},"fully-subterranean":{"shared":607,"band":210,"share":0.346},"junction":{"shared":1427,"band":611,"share":0.428}},"lengthOverlap":0.599,"bandShare":0.394,"medianRoadDistance":0.8,"cells":571,"routes":58,"length":6217,"lengthRatio":1.023,"dOverlap":-0.118,"dParallel":-0.061,"worstOverlapDelta":0,"bestOverlapDelta":-0.161}
stdout | src/generators/underground-measure.dom.test.ts:516:1 > measures underground alignment variants
AGG {"variant":"road-repulsion-strong","seeds":8,"overlap":0.366,"overlapLand":0.363,"parallel":0.724,"exactEdge":0.107,"alongEdge":0.425,"ms":13,"burgsServed":0.727,"bandByEndpointKind":{"dual":{"shared":490,"band":251,"share":0.512},"fully-subterranean":{"shared":613,"band":205,"share":0.334},"junction":{"shared":1313,"band":591,"share":0.45}},"lengthOverlap":0.567,"bandShare":0.409,"medianRoadDistance":0.87,"cells":573,"routes":59,"length":6454,"lengthRatio":1.061,"dOverlap":-0.15,"dParallel":-0.09,"worstOverlapDelta":0,"bestOverlapDelta":-0.188}
stdout | src/generators/underground-measure.dom.test.ts:516:1 > measures underground alignment variants
AGG {"variant":"longhaul-mst","seeds":8,"overlap":0.519,"overlapLand":0.516,"parallel":0.834,"exactEdge":0.254,"alongEdge":0.535,"ms":14,"burgsServed":0.894,"bandByEndpointKind":{"dual":{"shared":1249,"band":546,"share":0.437},"fully-subterranean":{"shared":1179,"band":359,"share":0.304},"junction":{"shared":4232,"band":2364,"share":0.559}},"lengthOverlap":0.747,"bandShare":0.638,"medianRoadDistance":0.62,"cells":579,"routes":152,"length":11127,"lengthRatio":1.836,"dOverlap":0.003,"dParallel":0.021,"worstOverlapDelta":0.01,"bestOverlapDelta":-0.011}
stdout | src/generators/underground-measure.dom.test.ts:516:1 > measures underground alignment variants
AGG {"variant":"trunk-spurs-25","seeds":8,"overlap":0.48,"overlapLand":0.479,"parallel":0.799,"exactEdge":0.218,"alongEdge":0.488,"ms":19,"burgsServed":0.994,"bandByEndpointKind":{"dual":{"shared":993,"band":519,"share":0.523},"fully-subterranean":{"shared":781,"band":316,"share":0.405},"junction":{"shared":4938,"band":2627,"share":0.532}},"lengthOverlap":0.719,"bandShare":0.617,"medianRoadDistance":0.7,"cells":559,"routes":170,"length":12255,"lengthRatio":2.074,"dOverlap":-0.036,"dParallel":-0.014,"worstOverlapDelta":0.009,"bestOverlapDelta":-0.07}
stdout | src/generators/underground-measure.dom.test.ts:516:1 > measures underground alignment variants
AGG {"variant":"trunk-spurs-10","seeds":8,"overlap":0.468,"overlapLand":0.465,"parallel":0.765,"exactEdge":0.185,"alongEdge":0.435,"ms":35,"burgsServed":0.993,"bandByEndpointKind":{"dual":{"shared":1091,"band":456,"share":0.418},"fully-subterranean":{"shared":1164,"band":351,"share":0.302},"junction":{"shared":9237,"band":4640,"share":0.502}},"lengthOverlap":0.705,"bandShare":0.653,"medianRoadDistance":0.74,"cells":575,"routes":273,"length":21621,"lengthRatio":3.629,"dOverlap":-0.049,"dParallel":-0.048,"worstOverlapDelta":0,"bestOverlapDelta":-0.103}
 ✓ |chromium| src/generators/underground-measure.dom.test.ts (1 test) 5857ms
   ✓ measures underground alignment variants  5857ms

 Test Files  1 passed (1)
      Tests  1 passed (1)
   Start at  10:42:07
   Duration  9.59s (transform 0ms, setup 0ms, import 147ms, tests 5.86s, environment 0ms)

npm notice
npm notice New minor version of npm available! 12.0.2 -> 12.1.0
npm notice Changelog: https://github.com/npm/cli/releases/tag/v12.1.0
npm notice To update run: npm install -g npm@12.1.0
npm notice
