npm warn Unknown env config "manage-package-manager-versions". This will error in a future major version of npm. See `npm help npmrc` for supported config options.
npm notice run fantasy-map-generator@1.154.0 npx
npm notice run 'vitest' run --config vitest.browser.config.ts generators/underground-measure

 RUN  v4.1.11 /mnt/Mega/TestSpace/Fantasy-Map-Generator

stdout | src/generators/underground-measure.dom.test.ts:516:1 > measures underground alignment variants
SEED measure-a cells=6112 land=4410 burgs=870 subterranean=88 surfaceRoutes=573 {"roads":10,"trails":494,"searoutes":69} surfaceCells=2589 landRouteCells=1849 productionRoutes=59 longest=44
stdout | src/generators/underground-measure.dom.test.ts:516:1 > measures underground alignment variants
ROW {"seed":"measure-a","variant":"baseline-production","ms":0,"routes":59,"cells":571,"length":6158,"overlap":0.566,"overlapLand":0.566,"parallel":0.88,"exactEdge":0.296,"alongEdge":0.581,"bandShare":0.347,"medianRoadDistance":0.52,"bandByEndpointKind":{"dual":{"shared":100,"band":37,"share":0.37},"fully-subterranean":{"shared":38,"band":15,"share":0.39473684210526316},"junction":{"shared":293,"band":110,"share":0.37542662116040953}},"histogram":[323,208,31,9],"burgsServed":68}
stdout | src/generators/underground-measure.dom.test.ts:516:1 > measures underground alignment variants
ROW {"seed":"measure-a","variant":"debug-real-noprune","ms":15,"routes":59,"cells":571,"length":6158,"overlap":0.566,"overlapLand":0.566,"parallel":0.88,"exactEdge":0.296,"alongEdge":0.581,"bandShare":0.347,"medianRoadDistance":0.52,"bandByEndpointKind":{"dual":{"shared":100,"band":37,"share":0.37},"fully-subterranean":{"shared":38,"band":15,"share":0.39473684210526316},"junction":{"shared":293,"band":110,"share":0.37542662116040953}},"histogram":[323,208,31,9],"burgsServed":68}
stdout | src/generators/underground-measure.dom.test.ts:516:1 > measures underground alignment variants
ROW {"seed":"measure-a","variant":"debug-real-pruned","ms":11,"routes":59,"cells":571,"length":6158,"overlap":0.566,"overlapLand":0.566,"parallel":0.88,"exactEdge":0.296,"alongEdge":0.581,"bandShare":0.347,"medianRoadDistance":0.52,"bandByEndpointKind":{"dual":{"shared":100,"band":37,"share":0.37},"fully-subterranean":{"shared":38,"band":15,"share":0.39473684210526316},"junction":{"shared":293,"band":110,"share":0.37542662116040953}},"histogram":[323,208,31,9],"burgsServed":68}
stdout | src/generators/underground-measure.dom.test.ts:516:1 > measures underground alignment variants
DEBUG replica stages: raw 141 routes/571 cells -> merged 59 routes -> pruned 59 routes/571 cells
stdout | src/generators/underground-measure.dom.test.ts:516:1 > measures underground alignment variants
ROW {"seed":"measure-a","variant":"replica-production","ms":12,"routes":59,"cells":571,"length":6158,"overlap":0.566,"overlapLand":0.566,"parallel":0.88,"exactEdge":0.296,"alongEdge":0.581,"bandShare":0.347,"medianRoadDistance":0.52,"bandByEndpointKind":{"dual":{"shared":100,"band":37,"share":0.37},"fully-subterranean":{"shared":38,"band":15,"share":0.39473684210526316},"junction":{"shared":293,"band":110,"share":0.37542662116040953}},"histogram":[323,208,31,9],"burgsServed":68}
stdout | src/generators/underground-measure.dom.test.ts:516:1 > measures underground alignment variants
ROW {"seed":"measure-a","variant":"no-burg-attraction","ms":11,"routes":53,"cells":574,"length":5791,"overlap":0.598,"overlapLand":0.598,"parallel":0.888,"exactEdge":0.265,"alongEdge":0.566,"bandShare":0.306,"medianRoadDistance":0.47,"bandByEndpointKind":{"dual":{"shared":102,"band":34,"share":0.3333333333333333},"fully-subterranean":{"shared":31,"band":14,"share":0.45161290322580644},"junction":{"shared":293,"band":94,"share":0.32081911262798635}},"histogram":[343,199,26,6],"burgsServed":68}
stdout | src/generators/underground-measure.dom.test.ts:516:1 > measures underground alignment variants
ROW {"seed":"measure-a","variant":"combo-divergence","ms":11,"routes":57,"cells":622,"length":6934,"overlap":0.397,"overlapLand":0.394,"parallel":0.749,"exactEdge":0.076,"alongEdge":0.419,"bandShare":0.312,"medianRoadDistance":0.73,"bandByEndpointKind":{"dual":{"shared":91,"band":34,"share":0.37362637362637363},"fully-subterranean":{"shared":44,"band":16,"share":0.36363636363636365},"junction":{"shared":196,"band":67,"share":0.34183673469387754}},"histogram":[247,306,56,13],"burgsServed":67}
stdout | src/generators/underground-measure.dom.test.ts:516:1 > measures underground alignment variants
ROW {"seed":"measure-a","variant":"control-point","ms":4,"routes":51,"cells":603,"length":5581,"overlap":0.605,"overlapLand":0.605,"parallel":0.869,"exactEdge":0.275,"alongEdge":0.57,"bandShare":0.279,"medianRoadDistance":0.47,"bandByEndpointKind":{"dual":{"shared":110,"band":38,"share":0.34545454545454546},"fully-subterranean":{"shared":58,"band":14,"share":0.2413793103448276},"junction":{"shared":254,"band":80,"share":0.31496062992125984}},"histogram":[365,201,31,6],"burgsServed":67}
stdout | src/generators/underground-measure.dom.test.ts:516:1 > measures underground alignment variants
ROW {"seed":"measure-a","variant":"control-point-discount","ms":9,"routes":53,"cells":586,"length":5690,"overlap":0.611,"overlapLand":0.611,"parallel":0.882,"exactEdge":0.284,"alongEdge":0.582,"bandShare":0.288,"medianRoadDistance":0.46,"bandByEndpointKind":{"dual":{"shared":99,"band":32,"share":0.32323232323232326},"fully-subterranean":{"shared":35,"band":14,"share":0.4},"junction":{"shared":295,"band":92,"share":0.31186440677966104}},"histogram":[358,191,31,6],"burgsServed":67}
stdout | src/generators/underground-measure.dom.test.ts:516:1 > measures underground alignment variants
ROW {"seed":"measure-a","variant":"control-point-burg","ms":5,"routes":54,"cells":615,"length":6105,"overlap":0.763,"overlapLand":0.763,"parallel":0.908,"exactEdge":0.466,"alongEdge":0.68,"bandShare":0.256,"medianRoadDistance":0.28,"bandByEndpointKind":{"dual":{"shared":154,"band":42,"share":0.2727272727272727},"fully-subterranean":{"shared":87,"band":20,"share":0.22988505747126436},"junction":{"shared":312,"band":96,"share":0.3076923076923077}},"histogram":[469,126,16,4],"burgsServed":66}
stdout | src/generators/underground-measure.dom.test.ts:516:1 > measures underground alignment variants
ROW {"seed":"measure-a","variant":"control-point-discount-burg","ms":9,"routes":61,"cells":589,"length":6447,"overlap":0.761,"overlapLand":0.761,"parallel":0.91,"exactEdge":0.474,"alongEdge":0.686,"bandShare":0.292,"medianRoadDistance":0.28,"bandByEndpointKind":{"dual":{"shared":167,"band":45,"share":0.2694610778443114},"fully-subterranean":{"shared":58,"band":19,"share":0.3275862068965517},"junction":{"shared":361,"band":117,"share":0.32409972299168976}},"histogram":[448,121,16,4],"burgsServed":67}
stdout | src/generators/underground-measure.dom.test.ts:516:1 > measures underground alignment variants
ROW {"seed":"measure-a","variant":"gate-divergence","ms":11,"routes":60,"cells":630,"length":7133,"overlap":0.513,"overlapLand":0.51,"parallel":0.798,"exactEdge":0.178,"alongEdge":0.49,"bandShare":0.26,"medianRoadDistance":0.6,"bandByEndpointKind":{"dual":{"shared":91,"band":39,"share":0.42857142857142855},"fully-subterranean":{"shared":53,"band":14,"share":0.2641509433962264},"junction":{"shared":264,"band":79,"share":0.29924242424242425}},"histogram":[323,249,47,11],"burgsServed":67}
stdout | src/generators/underground-measure.dom.test.ts:516:1 > measures underground alignment variants
ROW {"seed":"measure-a","variant":"smoothed-depth","ms":11,"routes":60,"cells":587,"length":6302,"overlap":0.741,"overlapLand":0.741,"parallel":0.906,"exactEdge":0.446,"alongEdge":0.651,"bandShare":0.29,"medianRoadDistance":0.31,"bandByEndpointKind":{"dual":{"shared":128,"band":42,"share":0.328125},"fully-subterranean":{"shared":46,"band":17,"share":0.3695652173913043},"junction":{"shared":380,"band":115,"share":0.3026315789473684}},"histogram":[435,127,19,6],"burgsServed":68}
stdout | src/generators/underground-measure.dom.test.ts:516:1 > measures underground alignment variants
ROW {"seed":"measure-a","variant":"burg-factor-2","ms":11,"routes":57,"cells":567,"length":6016,"overlap":0.531,"overlapLand":0.531,"parallel":0.868,"exactEdge":0.256,"alongEdge":0.545,"bandShare":0.362,"medianRoadDistance":0.56,"bandByEndpointKind":{"dual":{"shared":78,"band":31,"share":0.3974358974358974},"fully-subterranean":{"shared":38,"band":15,"share":0.39473684210526316},"junction":{"shared":283,"band":110,"share":0.38869257950530034}},"histogram":[301,225,32,9],"burgsServed":68}
stdout | src/generators/underground-measure.dom.test.ts:516:1 > measures underground alignment variants
ROW {"seed":"measure-a","variant":"road-repulsion","ms":12,"routes":59,"cells":560,"length":6207,"overlap":0.461,"overlapLand":0.461,"parallel":0.817,"exactEdge":0.211,"alongEdge":0.51,"bandShare":0.384,"medianRoadDistance":0.67,"bandByEndpointKind":{"dual":{"shared":79,"band":34,"share":0.43037974683544306},"fully-subterranean":{"shared":38,"band":15,"share":0.39473684210526316},"junction":{"shared":233,"band":101,"share":0.4334763948497854}},"histogram":[258,242,48,12],"burgsServed":68}
stdout | src/generators/underground-measure.dom.test.ts:516:1 > measures underground alignment variants
ROW {"seed":"measure-a","variant":"road-repulsion-strong","ms":11,"routes":60,"cells":563,"length":6269,"overlap":0.435,"overlapLand":0.435,"parallel":0.804,"exactEdge":0.178,"alongEdge":0.488,"bandShare":0.388,"medianRoadDistance":0.7,"bandByEndpointKind":{"dual":{"shared":85,"band":36,"share":0.4235294117647059},"fully-subterranean":{"shared":40,"band":15,"share":0.375},"junction":{"shared":209,"band":89,"share":0.4258373205741627}},"histogram":[245,253,52,13],"burgsServed":68}
stdout | src/generators/underground-measure.dom.test.ts:516:1 > measures underground alignment variants
ROW {"seed":"measure-a","variant":"longhaul-mst","ms":13,"routes":172,"cells":584,"length":12183,"overlap":0.567,"overlapLand":0.567,"parallel":0.896,"exactEdge":0.262,"alongEdge":0.516,"bandShare":0.637,"medianRoadDistance":0.52,"bandByEndpointKind":{"dual":{"shared":141,"band":66,"share":0.46808510638297873},"fully-subterranean":{"shared":201,"band":52,"share":0.25870646766169153},"junction":{"shared":610,"band":349,"share":0.5721311475409836}},"histogram":[331,211,33,9],"burgsServed":79}
stdout | src/generators/underground-measure.dom.test.ts:516:1 > measures underground alignment variants
ROW {"seed":"measure-a","variant":"trunk-spurs-25","ms":15,"routes":192,"cells":540,"length":12657,"overlap":0.57,"overlapLand":0.57,"parallel":0.856,"exactEdge":0.294,"alongEdge":0.519,"bandShare":0.62,"medianRoadDistance":0.51,"bandByEndpointKind":{"dual":{"shared":211,"band":78,"share":0.3696682464454976},"fully-subterranean":{"shared":76,"band":30,"share":0.39473684210526316},"junction":{"shared":702,"band":407,"share":0.5797720797720798}},"histogram":[308,195,29,8],"burgsServed":88}
stdout | src/generators/underground-measure.dom.test.ts:516:1 > measures underground alignment variants
ROW {"seed":"measure-a","variant":"trunk-spurs-10","ms":23,"routes":317,"cells":581,"length":26630,"overlap":0.577,"overlapLand":0.575,"parallel":0.909,"exactEdge":0.281,"alongEdge":0.501,"bandShare":0.627,"medianRoadDistance":0.53,"bandByEndpointKind":{"dual":{"shared":273,"band":103,"share":0.3772893772893773},"fully-subterranean":{"shared":92,"band":35,"share":0.3804347826086957},"junction":{"shared":1827,"band":767,"share":0.41981390257252327}},"histogram":[335,196,39,11],"burgsServed":87}
stdout | src/generators/underground-measure.dom.test.ts:516:1 > measures underground alignment variants
SEED measure-b cells=5970 land=4220 burgs=801 subterranean=80 surfaceRoutes=577 {"roads":14,"trails":492,"searoutes":71} surfaceCells=2498 landRouteCells=1747 productionRoutes=55 longest=75
stdout | src/generators/underground-measure.dom.test.ts:516:1 > measures underground alignment variants
ROW {"seed":"measure-b","variant":"baseline-production","ms":0,"routes":55,"cells":542,"length":6175,"overlap":0.577,"overlapLand":0.576,"parallel":0.833,"exactEdge":0.338,"alongEdge":0.602,"bandShare":0.284,"medianRoadDistance":0.53,"bandByEndpointKind":{"dual":{"shared":137,"band":61,"share":0.44525547445255476},"fully-subterranean":{"shared":93,"band":26,"share":0.27956989247311825},"junction":{"shared":233,"band":70,"share":0.30042918454935624}},"histogram":[313,176,47,6],"burgsServed":53}
stdout | src/generators/underground-measure.dom.test.ts:516:1 > measures underground alignment variants
ROW {"seed":"measure-b","variant":"debug-real-noprune","ms":13,"routes":55,"cells":542,"length":6175,"overlap":0.577,"overlapLand":0.576,"parallel":0.833,"exactEdge":0.338,"alongEdge":0.602,"bandShare":0.284,"medianRoadDistance":0.53,"bandByEndpointKind":{"dual":{"shared":137,"band":61,"share":0.44525547445255476},"fully-subterranean":{"shared":93,"band":26,"share":0.27956989247311825},"junction":{"shared":233,"band":70,"share":0.30042918454935624}},"histogram":[313,176,47,6],"burgsServed":53}
stdout | src/generators/underground-measure.dom.test.ts:516:1 > measures underground alignment variants
ROW {"seed":"measure-b","variant":"debug-real-pruned","ms":12,"routes":55,"cells":542,"length":6175,"overlap":0.577,"overlapLand":0.576,"parallel":0.833,"exactEdge":0.338,"alongEdge":0.602,"bandShare":0.284,"medianRoadDistance":0.53,"bandByEndpointKind":{"dual":{"shared":137,"band":61,"share":0.44525547445255476},"fully-subterranean":{"shared":93,"band":26,"share":0.27956989247311825},"junction":{"shared":233,"band":70,"share":0.30042918454935624}},"histogram":[313,176,47,6],"burgsServed":53}
stdout | src/generators/underground-measure.dom.test.ts:516:1 > measures underground alignment variants
DEBUG replica stages: raw 124 routes/542 cells -> merged 55 routes -> pruned 55 routes/542 cells
stdout | src/generators/underground-measure.dom.test.ts:516:1 > measures underground alignment variants
ROW {"seed":"measure-b","variant":"replica-production","ms":12,"routes":55,"cells":542,"length":6175,"overlap":0.577,"overlapLand":0.576,"parallel":0.833,"exactEdge":0.338,"alongEdge":0.602,"bandShare":0.284,"medianRoadDistance":0.53,"bandByEndpointKind":{"dual":{"shared":137,"band":61,"share":0.44525547445255476},"fully-subterranean":{"shared":93,"band":26,"share":0.27956989247311825},"junction":{"shared":233,"band":70,"share":0.30042918454935624}},"histogram":[313,176,47,6],"burgsServed":53}
stdout | src/generators/underground-measure.dom.test.ts:516:1 > measures underground alignment variants
ROW {"seed":"measure-b","variant":"no-burg-attraction","ms":11,"routes":44,"cells":560,"length":5318,"overlap":0.611,"overlapLand":0.602,"parallel":0.825,"exactEdge":0.25,"alongEdge":0.55,"bandShare":0.234,"medianRoadDistance":0.48,"bandByEndpointKind":{"dual":{"shared":95,"band":30,"share":0.3157894736842105},"fully-subterranean":{"shared":123,"band":24,"share":0.1951219512195122},"junction":{"shared":187,"band":55,"share":0.29411764705882354}},"histogram":[342,170,44,4],"burgsServed":53}
stdout | src/generators/underground-measure.dom.test.ts:516:1 > measures underground alignment variants
ROW {"seed":"measure-b","variant":"combo-divergence","ms":14,"routes":49,"cells":602,"length":6820,"overlap":0.417,"overlapLand":0.409,"parallel":0.755,"exactEdge":0.114,"alongEdge":0.438,"bandShare":0.267,"medianRoadDistance":0.74,"bandByEndpointKind":{"dual":{"shared":71,"band":26,"share":0.36619718309859156},"fully-subterranean":{"shared":105,"band":19,"share":0.18095238095238095},"junction":{"shared":181,"band":64,"share":0.35359116022099446}},"histogram":[251,267,74,10],"burgsServed":53}
stdout | src/generators/underground-measure.dom.test.ts:516:1 > measures underground alignment variants
ROW {"seed":"measure-b","variant":"control-point","ms":4,"routes":42,"cells":577,"length":5281,"overlap":0.622,"overlapLand":0.614,"parallel":0.834,"exactEdge":0.284,"alongEdge":0.575,"bandShare":0.231,"medianRoadDistance":0.46,"bandByEndpointKind":{"dual":{"shared":91,"band":28,"share":0.3076923076923077},"fully-subterranean":{"shared":96,"band":23,"share":0.23958333333333334},"junction":{"shared":227,"band":58,"share":0.2555066079295154}},"histogram":[359,175,40,3],"burgsServed":53}
stdout | src/generators/underground-measure.dom.test.ts:516:1 > measures underground alignment variants
ROW {"seed":"measure-b","variant":"control-point-discount","ms":10,"routes":43,"cells":566,"length":5350,"overlap":0.613,"overlapLand":0.604,"parallel":0.825,"exactEdge":0.269,"alongEdge":0.565,"bandShare":0.239,"medianRoadDistance":0.48,"bandByEndpointKind":{"dual":{"shared":91,"band":28,"share":0.3076923076923077},"fully-subterranean":{"shared":126,"band":24,"share":0.19047619047619047},"junction":{"shared":193,"band":58,"share":0.3005181347150259}},"histogram":[347,172,43,4],"burgsServed":53}
stdout | src/generators/underground-measure.dom.test.ts:516:1 > measures underground alignment variants
ROW {"seed":"measure-b","variant":"control-point-burg","ms":4,"routes":54,"cells":570,"length":5843,"overlap":0.747,"overlapLand":0.747,"parallel":0.874,"exactEdge":0.459,"alongEdge":0.647,"bandShare":0.254,"medianRoadDistance":0.32,"bandByEndpointKind":{"dual":{"shared":194,"band":69,"share":0.3556701030927835},"fully-subterranean":{"shared":109,"band":26,"share":0.23853211009174313},"junction":{"shared":245,"band":74,"share":0.3020408163265306}},"histogram":[426,113,26,5],"burgsServed":56}
stdout | src/generators/underground-measure.dom.test.ts:516:1 > measures underground alignment variants
ROW {"seed":"measure-b","variant":"control-point-discount-burg","ms":9,"routes":56,"cells":559,"length":6135,"overlap":0.746,"overlapLand":0.746,"parallel":0.876,"exactEdge":0.475,"alongEdge":0.654,"bandShare":0.257,"medianRoadDistance":0.32,"bandByEndpointKind":{"dual":{"shared":157,"band":61,"share":0.3885350318471338},"fully-subterranean":{"shared":109,"band":26,"share":0.23853211009174313},"junction":{"shared":314,"band":91,"share":0.2898089171974522}},"histogram":[417,111,26,5],"burgsServed":55}
stdout | src/generators/underground-measure.dom.test.ts:516:1 > measures underground alignment variants
ROW {"seed":"measure-b","variant":"gate-divergence","ms":12,"routes":49,"cells":594,"length":6891,"overlap":0.529,"overlapLand":0.529,"parallel":0.792,"exactEdge":0.206,"alongEdge":0.532,"bandShare":0.226,"medianRoadDistance":0.58,"bandByEndpointKind":{"dual":{"shared":91,"band":27,"share":0.2967032967032967},"fully-subterranean":{"shared":43,"band":15,"share":0.3488372093023256},"junction":{"shared":288,"band":71,"share":0.2465277777777778}},"histogram":[314,219,55,6],"burgsServed":52}
stdout | src/generators/underground-measure.dom.test.ts:516:1 > measures underground alignment variants
ROW {"seed":"measure-b","variant":"smoothed-depth","ms":13,"routes":58,"cells":557,"length":6341,"overlap":0.747,"overlapLand":0.747,"parallel":0.885,"exactEdge":0.476,"alongEdge":0.669,"bandShare":0.257,"medianRoadDistance":0.32,"bandByEndpointKind":{"dual":{"shared":171,"band":69,"share":0.40350877192982454},"fully-subterranean":{"shared":63,"band":24,"share":0.38095238095238093},"junction":{"shared":363,"band":95,"share":0.26170798898071623}},"histogram":[416,110,26,5],"burgsServed":55}
stdout | src/generators/underground-measure.dom.test.ts:516:1 > measures underground alignment variants
ROW {"seed":"measure-b","variant":"burg-factor-2","ms":12,"routes":50,"cells":543,"length":5707,"overlap":0.554,"overlapLand":0.552,"parallel":0.811,"exactEdge":0.262,"alongEdge":0.543,"bandShare":0.262,"medianRoadDistance":0.56,"bandByEndpointKind":{"dual":{"shared":121,"band":49,"share":0.4049586776859504},"fully-subterranean":{"shared":82,"band":21,"share":0.25609756097560976},"junction":{"shared":207,"band":60,"share":0.2898550724637681}},"histogram":[301,186,50,6],"burgsServed":54}
stdout | src/generators/underground-measure.dom.test.ts:516:1 > measures underground alignment variants
ROW {"seed":"measure-b","variant":"road-repulsion","ms":12,"routes":60,"cells":519,"length":6342,"overlap":0.437,"overlapLand":0.435,"parallel":0.773,"exactEdge":0.21,"alongEdge":0.506,"bandShare":0.379,"medianRoadDistance":0.75,"bandByEndpointKind":{"dual":{"shared":51,"band":28,"share":0.5490196078431373},"fully-subterranean":{"shared":104,"band":23,"share":0.22115384615384615},"junction":{"shared":215,"band":88,"share":0.40930232558139534}},"histogram":[227,209,67,16],"burgsServed":54}
stdout | src/generators/underground-measure.dom.test.ts:516:1 > measures underground alignment variants
ROW {"seed":"measure-b","variant":"road-repulsion-strong","ms":12,"routes":61,"cells":520,"length":6511,"overlap":0.388,"overlapLand":0.387,"parallel":0.743,"exactEdge":0.18,"alongEdge":0.46,"bandShare":0.406,"medianRoadDistance":0.86,"bandByEndpointKind":{"dual":{"shared":51,"band":27,"share":0.5294117647058824},"fully-subterranean":{"shared":98,"band":23,"share":0.23469387755102042},"junction":{"shared":197,"band":86,"share":0.4365482233502538}},"histogram":[202,216,74,28],"burgsServed":54}
stdout | src/generators/underground-measure.dom.test.ts:516:1 > measures underground alignment variants
ROW {"seed":"measure-b","variant":"longhaul-mst","ms":15,"routes":180,"cells":539,"length":13625,"overlap":0.579,"overlapLand":0.577,"parallel":0.876,"exactEdge":0.387,"alongEdge":0.635,"bandShare":0.66,"medianRoadDistance":0.53,"bandByEndpointKind":{"dual":{"shared":249,"band":115,"share":0.46184738955823296},"fully-subterranean":{"shared":150,"band":60,"share":0.4},"junction":{"shared":732,"band":362,"share":0.49453551912568305}},"histogram":[312,173,48,6],"burgsServed":74}
stdout | src/generators/underground-measure.dom.test.ts:516:1 > measures underground alignment variants
ROW {"seed":"measure-b","variant":"trunk-spurs-25","ms":18,"routes":197,"cells":553,"length":13964,"overlap":0.519,"overlapLand":0.519,"parallel":0.822,"exactEdge":0.373,"alongEdge":0.62,"bandShare":0.571,"medianRoadDistance":0.68,"bandByEndpointKind":{"dual":{"shared":131,"band":74,"share":0.5648854961832062},"fully-subterranean":{"shared":147,"band":53,"share":0.36054421768707484},"junction":{"shared":832,"band":446,"share":0.5360576923076923}},"histogram":[287,174,72,20],"burgsServed":80}
stdout | src/generators/underground-measure.dom.test.ts:516:1 > measures underground alignment variants
ROW {"seed":"measure-b","variant":"trunk-spurs-10","ms":32,"routes":297,"cells":606,"length":23369,"overlap":0.507,"overlapLand":0.505,"parallel":0.779,"exactEdge":0.28,"alongEdge":0.533,"bandShare":0.593,"medianRoadDistance":0.73,"bandByEndpointKind":{"dual":{"shared":223,"band":75,"share":0.336322869955157},"fully-subterranean":{"shared":75,"band":20,"share":0.26666666666666666},"junction":{"shared":1303,"band":665,"share":0.5103607060629317}},"histogram":[307,187,79,33],"burgsServed":80}
stdout | src/generators/underground-measure.dom.test.ts:516:1 > measures underground alignment variants
SEED measure-c cells=5601 land=4077 burgs=815 subterranean=82 surfaceRoutes=565 {"roads":9,"trails":478,"searoutes":78} surfaceCells=2216 landRouteCells=1661 productionRoutes=56 longest=63
stdout | src/generators/underground-measure.dom.test.ts:516:1 > measures underground alignment variants
ROW {"seed":"measure-c","variant":"baseline-production","ms":0,"routes":56,"cells":569,"length":6348,"overlap":0.562,"overlapLand":0.561,"parallel":0.813,"exactEdge":0.278,"alongEdge":0.558,"bandShare":0.316,"medianRoadDistance":0.6,"bandByEndpointKind":{"dual":{"shared":152,"band":56,"share":0.3684210526315789},"fully-subterranean":{"shared":82,"band":25,"share":0.3048780487804878},"junction":{"shared":203,"band":83,"share":0.4088669950738916}},"histogram":[320,175,58,16],"burgsServed":56}
stdout | src/generators/underground-measure.dom.test.ts:516:1 > measures underground alignment variants
ROW {"seed":"measure-c","variant":"debug-real-noprune","ms":13,"routes":56,"cells":569,"length":6348,"overlap":0.562,"overlapLand":0.561,"parallel":0.813,"exactEdge":0.278,"alongEdge":0.558,"bandShare":0.316,"medianRoadDistance":0.6,"bandByEndpointKind":{"dual":{"shared":152,"band":56,"share":0.3684210526315789},"fully-subterranean":{"shared":82,"band":25,"share":0.3048780487804878},"junction":{"shared":203,"band":83,"share":0.4088669950738916}},"histogram":[320,175,58,16],"burgsServed":56}
stdout | src/generators/underground-measure.dom.test.ts:516:1 > measures underground alignment variants
ROW {"seed":"measure-c","variant":"debug-real-pruned","ms":12,"routes":56,"cells":569,"length":6348,"overlap":0.562,"overlapLand":0.561,"parallel":0.813,"exactEdge":0.278,"alongEdge":0.558,"bandShare":0.316,"medianRoadDistance":0.6,"bandByEndpointKind":{"dual":{"shared":152,"band":56,"share":0.3684210526315789},"fully-subterranean":{"shared":82,"band":25,"share":0.3048780487804878},"junction":{"shared":203,"band":83,"share":0.4088669950738916}},"histogram":[320,175,58,16],"burgsServed":56}
stdout | src/generators/underground-measure.dom.test.ts:516:1 > measures underground alignment variants
DEBUG replica stages: raw 133 routes/569 cells -> merged 56 routes -> pruned 56 routes/569 cells
stdout | src/generators/underground-measure.dom.test.ts:516:1 > measures underground alignment variants
ROW {"seed":"measure-c","variant":"replica-production","ms":11,"routes":56,"cells":569,"length":6348,"overlap":0.562,"overlapLand":0.561,"parallel":0.813,"exactEdge":0.278,"alongEdge":0.558,"bandShare":0.316,"medianRoadDistance":0.6,"bandByEndpointKind":{"dual":{"shared":152,"band":56,"share":0.3684210526315789},"fully-subterranean":{"shared":82,"band":25,"share":0.3048780487804878},"junction":{"shared":203,"band":83,"share":0.4088669950738916}},"histogram":[320,175,58,16],"burgsServed":56}
stdout | src/generators/underground-measure.dom.test.ts:516:1 > measures underground alignment variants
ROW {"seed":"measure-c","variant":"no-burg-attraction","ms":11,"routes":44,"cells":598,"length":5667,"overlap":0.565,"overlapLand":0.559,"parallel":0.83,"exactEdge":0.232,"alongEdge":0.553,"bandShare":0.257,"medianRoadDistance":0.54,"bandByEndpointKind":{"dual":{"shared":144,"band":44,"share":0.3055555555555556},"fully-subterranean":{"shared":95,"band":21,"share":0.22105263157894736},"junction":{"shared":157,"band":54,"share":0.34394904458598724}},"histogram":[338,205,47,8],"burgsServed":54}
stdout | src/generators/underground-measure.dom.test.ts:516:1 > measures underground alignment variants
ROW {"seed":"measure-c","variant":"combo-divergence","ms":13,"routes":47,"cells":621,"length":7435,"overlap":0.386,"overlapLand":0.383,"parallel":0.726,"exactEdge":0.087,"alongEdge":0.403,"bandShare":0.287,"medianRoadDistance":0.83,"bandByEndpointKind":{"dual":{"shared":86,"band":34,"share":0.3953488372093023},"fully-subterranean":{"shared":78,"band":16,"share":0.20512820512820512},"junction":{"shared":156,"band":53,"share":0.33974358974358976}},"histogram":[240,270,89,22],"burgsServed":53}
stdout | src/generators/underground-measure.dom.test.ts:516:1 > measures underground alignment variants
ROW {"seed":"measure-c","variant":"control-point","ms":4,"routes":44,"cells":597,"length":5624,"overlap":0.576,"overlapLand":0.571,"parallel":0.856,"exactEdge":0.234,"alongEdge":0.571,"bandShare":0.25,"medianRoadDistance":0.51,"bandByEndpointKind":{"dual":{"shared":142,"band":43,"share":0.3028169014084507},"fully-subterranean":{"shared":98,"band":21,"share":0.21428571428571427},"junction":{"shared":161,"band":53,"share":0.32919254658385094}},"histogram":[344,206,40,7],"burgsServed":54}
stdout | src/generators/underground-measure.dom.test.ts:516:1 > measures underground alignment variants
ROW {"seed":"measure-c","variant":"control-point-discount","ms":10,"routes":45,"cells":593,"length":5669,"overlap":0.572,"overlapLand":0.565,"parallel":0.85,"exactEdge":0.227,"alongEdge":0.572,"bandShare":0.254,"medianRoadDistance":0.53,"bandByEndpointKind":{"dual":{"shared":143,"band":44,"share":0.3076923076923077},"fully-subterranean":{"shared":97,"band":20,"share":0.20618556701030927},"junction":{"shared":163,"band":55,"share":0.3374233128834356}},"histogram":[339,202,42,10],"burgsServed":54}
stdout | src/generators/underground-measure.dom.test.ts:516:1 > measures underground alignment variants
ROW {"seed":"measure-c","variant":"control-point-burg","ms":5,"routes":56,"cells":584,"length":6163,"overlap":0.748,"overlapLand":0.745,"parallel":0.901,"exactEdge":0.454,"alongEdge":0.665,"bandShare":0.254,"medianRoadDistance":0.32,"bandByEndpointKind":{"dual":{"shared":186,"band":63,"share":0.3387096774193548},"fully-subterranean":{"shared":80,"band":19,"share":0.2375},"junction":{"shared":279,"band":87,"share":0.3118279569892473}},"histogram":[437,111,30,6],"burgsServed":58}
stdout | src/generators/underground-measure.dom.test.ts:516:1 > measures underground alignment variants
ROW {"seed":"measure-c","variant":"control-point-discount-burg","ms":11,"routes":58,"cells":582,"length":6317,"overlap":0.751,"overlapLand":0.747,"parallel":0.904,"exactEdge":0.448,"alongEdge":0.666,"bandShare":0.256,"medianRoadDistance":0.32,"bandByEndpointKind":{"dual":{"shared":174,"band":60,"share":0.3448275862068966},"fully-subterranean":{"shared":74,"band":16,"share":0.21621621621621623},"junction":{"shared":312,"band":101,"share":0.32371794871794873}},"histogram":[437,109,30,6],"burgsServed":58}
stdout | src/generators/underground-measure.dom.test.ts:516:1 > measures underground alignment variants
ROW {"seed":"measure-c","variant":"gate-divergence","ms":12,"routes":55,"cells":617,"length":7694,"overlap":0.481,"overlapLand":0.48,"parallel":0.777,"exactEdge":0.182,"alongEdge":0.508,"bandShare":0.259,"medianRoadDistance":0.69,"bandByEndpointKind":{"dual":{"shared":122,"band":45,"share":0.36885245901639346},"fully-subterranean":{"shared":72,"band":17,"share":0.2361111111111111},"junction":{"shared":209,"band":66,"share":0.3157894736842105}},"histogram":[297,232,70,18],"burgsServed":54}
stdout | src/generators/underground-measure.dom.test.ts:516:1 > measures underground alignment variants
ROW {"seed":"measure-c","variant":"smoothed-depth","ms":12,"routes":59,"cells":574,"length":6333,"overlap":0.725,"overlapLand":0.721,"parallel":0.888,"exactEdge":0.44,"alongEdge":0.655,"bandShare":0.269,"medianRoadDistance":0.36,"bandByEndpointKind":{"dual":{"shared":173,"band":63,"share":0.36416184971098264},"fully-subterranean":{"shared":74,"band":16,"share":0.21621621621621623},"junction":{"shared":298,"band":101,"share":0.3389261744966443}},"histogram":[416,114,37,7],"burgsServed":58}
stdout | src/generators/underground-measure.dom.test.ts:516:1 > measures underground alignment variants
ROW {"seed":"measure-c","variant":"burg-factor-2","ms":11,"routes":51,"cells":570,"length":6238,"overlap":0.502,"overlapLand":0.498,"parallel":0.767,"exactEdge":0.23,"alongEdge":0.502,"bandShare":0.315,"medianRoadDistance":0.69,"bandByEndpointKind":{"dual":{"shared":113,"band":38,"share":0.336283185840708},"fully-subterranean":{"shared":88,"band":21,"share":0.23863636363636365},"junction":{"shared":186,"band":81,"share":0.43548387096774194}},"histogram":[286,195,71,18],"burgsServed":53}
stdout | src/generators/underground-measure.dom.test.ts:516:1 > measures underground alignment variants
ROW {"seed":"measure-c","variant":"road-repulsion","ms":12,"routes":55,"cells":533,"length":6724,"overlap":0.39,"overlapLand":0.39,"parallel":0.725,"exactEdge":0.146,"alongEdge":0.422,"bandShare":0.413,"medianRoadDistance":0.87,"bandByEndpointKind":{"dual":{"shared":108,"band":43,"share":0.39814814814814814},"fully-subterranean":{"shared":55,"band":21,"share":0.38181818181818183},"junction":{"shared":152,"band":82,"share":0.5394736842105263}},"histogram":[208,212,88,25],"burgsServed":54}
stdout | src/generators/underground-measure.dom.test.ts:516:1 > measures underground alignment variants
ROW {"seed":"measure-c","variant":"road-repulsion-strong","ms":11,"routes":54,"cells":518,"length":6720,"overlap":0.363,"overlapLand":0.363,"parallel":0.687,"exactEdge":0.115,"alongEdge":0.384,"bandShare":0.426,"medianRoadDistance":0.93,"bandByEndpointKind":{"dual":{"shared":84,"band":39,"share":0.4642857142857143},"fully-subterranean":{"shared":46,"band":17,"share":0.3695652173913043},"junction":{"shared":156,"band":81,"share":0.5192307692307693}},"histogram":[188,210,87,33],"burgsServed":53}
stdout | src/generators/underground-measure.dom.test.ts:516:1 > measures underground alignment variants
ROW {"seed":"measure-c","variant":"longhaul-mst","ms":14,"routes":161,"cells":566,"length":12107,"overlap":0.558,"overlapLand":0.558,"parallel":0.848,"exactEdge":0.362,"alongEdge":0.608,"bandShare":0.595,"medianRoadDistance":0.6,"bandByEndpointKind":{"dual":{"shared":188,"band":81,"share":0.4308510638297872},"fully-subterranean":{"shared":114,"band":34,"share":0.2982456140350877},"junction":{"shared":655,"band":359,"share":0.5480916030534351}},"histogram":[316,174,60,16],"burgsServed":72}
stdout | src/generators/underground-measure.dom.test.ts:516:1 > measures underground alignment variants
ROW {"seed":"measure-c","variant":"trunk-spurs-25","ms":14,"routes":185,"cells":514,"length":12182,"overlap":0.553,"overlapLand":0.553,"parallel":0.897,"exactEdge":0.385,"alongEdge":0.577,"bandShare":0.683,"medianRoadDistance":0.6,"bandByEndpointKind":{"dual":{"shared":170,"band":95,"share":0.5588235294117647},"fully-subterranean":{"shared":107,"band":35,"share":0.32710280373831774},"junction":{"shared":759,"band":408,"share":0.5375494071146245}},"histogram":[284,170,44,16],"burgsServed":81}
stdout | src/generators/underground-measure.dom.test.ts:516:1 > measures underground alignment variants
ROW {"seed":"measure-c","variant":"trunk-spurs-10","ms":29,"routes":341,"cells":499,"length":28181,"overlap":0.573,"overlapLand":0.573,"parallel":0.911,"exactEdge":0.472,"alongEdge":0.62,"bandShare":0.661,"medianRoadDistance":0.59,"bandByEndpointKind":{"dual":{"shared":152,"band":64,"share":0.42105263157894735},"fully-subterranean":{"shared":104,"band":34,"share":0.3269230769230769},"junction":{"shared":2271,"band":888,"share":0.3910171730515192}},"histogram":[286,150,43,20],"burgsServed":80}
stdout | src/generators/underground-measure.dom.test.ts:516:1 > measures underground alignment variants
SEED measure-d cells=5958 land=4354 burgs=888 subterranean=88 surfaceRoutes=594 {"roads":11,"trails":498,"searoutes":85} surfaceCells=2931 landRouteCells=1946 productionRoutes=62 longest=56
stdout | src/generators/underground-measure.dom.test.ts:516:1 > measures underground alignment variants
ROW {"seed":"measure-d","variant":"baseline-production","ms":0,"routes":62,"cells":621,"length":6168,"overlap":0.536,"overlapLand":0.536,"parallel":0.803,"exactEdge":0.259,"alongEdge":0.505,"bandShare":0.33,"medianRoadDistance":0.59,"bandByEndpointKind":{"dual":{"shared":121,"band":62,"share":0.512396694214876},"fully-subterranean":{"shared":120,"band":31,"share":0.25833333333333336},"junction":{"shared":154,"band":59,"share":0.38311688311688313}},"histogram":[333,221,55,12],"burgsServed":73}
stdout | src/generators/underground-measure.dom.test.ts:516:1 > measures underground alignment variants
ROW {"seed":"measure-d","variant":"debug-real-noprune","ms":13,"routes":62,"cells":621,"length":6168,"overlap":0.536,"overlapLand":0.536,"parallel":0.803,"exactEdge":0.259,"alongEdge":0.505,"bandShare":0.33,"medianRoadDistance":0.59,"bandByEndpointKind":{"dual":{"shared":121,"band":62,"share":0.512396694214876},"fully-subterranean":{"shared":120,"band":31,"share":0.25833333333333336},"junction":{"shared":154,"band":59,"share":0.38311688311688313}},"histogram":[333,221,55,12],"burgsServed":73}
stdout | src/generators/underground-measure.dom.test.ts:516:1 > measures underground alignment variants
ROW {"seed":"measure-d","variant":"debug-real-pruned","ms":12,"routes":62,"cells":621,"length":6168,"overlap":0.536,"overlapLand":0.536,"parallel":0.803,"exactEdge":0.259,"alongEdge":0.505,"bandShare":0.33,"medianRoadDistance":0.59,"bandByEndpointKind":{"dual":{"shared":121,"band":62,"share":0.512396694214876},"fully-subterranean":{"shared":120,"band":31,"share":0.25833333333333336},"junction":{"shared":154,"band":59,"share":0.38311688311688313}},"histogram":[333,221,55,12],"burgsServed":73}
stdout | src/generators/underground-measure.dom.test.ts:516:1 > measures underground alignment variants
DEBUG replica stages: raw 108 routes/621 cells -> merged 62 routes -> pruned 62 routes/621 cells
stdout | src/generators/underground-measure.dom.test.ts:516:1 > measures underground alignment variants
ROW {"seed":"measure-d","variant":"replica-production","ms":11,"routes":62,"cells":621,"length":6168,"overlap":0.536,"overlapLand":0.536,"parallel":0.803,"exactEdge":0.259,"alongEdge":0.505,"bandShare":0.33,"medianRoadDistance":0.59,"bandByEndpointKind":{"dual":{"shared":121,"band":62,"share":0.512396694214876},"fully-subterranean":{"shared":120,"band":31,"share":0.25833333333333336},"junction":{"shared":154,"band":59,"share":0.38311688311688313}},"histogram":[333,221,55,12],"burgsServed":73}
stdout | src/generators/underground-measure.dom.test.ts:516:1 > measures underground alignment variants
ROW {"seed":"measure-d","variant":"no-burg-attraction","ms":10,"routes":62,"cells":653,"length":6129,"overlap":0.565,"overlapLand":0.562,"parallel":0.794,"exactEdge":0.245,"alongEdge":0.488,"bandShare":0.298,"medianRoadDistance":0.55,"bandByEndpointKind":{"dual":{"shared":137,"band":58,"share":0.4233576642335766},"fully-subterranean":{"shared":135,"band":29,"share":0.21481481481481482},"junction":{"shared":164,"band":64,"share":0.3902439024390244}},"histogram":[369,222,50,12],"burgsServed":73}
stdout | src/generators/underground-measure.dom.test.ts:516:1 > measures underground alignment variants
ROW {"seed":"measure-d","variant":"combo-divergence","ms":11,"routes":64,"cells":696,"length":7495,"overlap":0.364,"overlapLand":0.361,"parallel":0.703,"exactEdge":0.077,"alongEdge":0.37,"bandShare":0.3,"medianRoadDistance":0.82,"bandByEndpointKind":{"dual":{"shared":98,"band":49,"share":0.5},"fully-subterranean":{"shared":99,"band":21,"share":0.21212121212121213},"junction":{"shared":128,"band":50,"share":0.390625}},"histogram":[253,335,88,20],"burgsServed":73}
stdout | src/generators/underground-measure.dom.test.ts:516:1 > measures underground alignment variants
ROW {"seed":"measure-d","variant":"control-point","ms":4,"routes":61,"cells":673,"length":6111,"overlap":0.588,"overlapLand":0.585,"parallel":0.824,"exactEdge":0.255,"alongEdge":0.514,"bandShare":0.285,"medianRoadDistance":0.51,"bandByEndpointKind":{"dual":{"shared":146,"band":59,"share":0.4041095890410959},"fully-subterranean":{"shared":141,"band":31,"share":0.2198581560283688},"junction":{"shared":171,"band":64,"share":0.3742690058479532}},"histogram":[396,221,48,8],"burgsServed":73}
stdout | src/generators/underground-measure.dom.test.ts:516:1 > measures underground alignment variants
ROW {"seed":"measure-d","variant":"control-point-discount","ms":10,"routes":62,"cells":673,"length":6197,"overlap":0.59,"overlapLand":0.587,"parallel":0.827,"exactEdge":0.256,"alongEdge":0.519,"bandShare":0.287,"medianRoadDistance":0.51,"bandByEndpointKind":{"dual":{"shared":151,"band":60,"share":0.3973509933774834},"fully-subterranean":{"shared":142,"band":30,"share":0.2112676056338028},"junction":{"shared":174,"band":65,"share":0.3735632183908046}},"histogram":[397,220,48,8],"burgsServed":73}
stdout | src/generators/underground-measure.dom.test.ts:516:1 > measures underground alignment variants
ROW {"seed":"measure-d","variant":"control-point-burg","ms":5,"routes":65,"cells":658,"length":6501,"overlap":0.691,"overlapLand":0.69,"parallel":0.853,"exactEdge":0.415,"alongEdge":0.599,"bandShare":0.275,"medianRoadDistance":0.4,"bandByEndpointKind":{"dual":{"shared":181,"band":68,"share":0.3756906077348066},"fully-subterranean":{"shared":139,"band":33,"share":0.23741007194244604},"junction":{"shared":226,"band":77,"share":0.3407079646017699}},"histogram":[455,154,39,10],"burgsServed":73}
stdout | src/generators/underground-measure.dom.test.ts:516:1 > measures underground alignment variants
ROW {"seed":"measure-d","variant":"control-point-discount-burg","ms":10,"routes":72,"cells":647,"length":6678,"overlap":0.692,"overlapLand":0.691,"parallel":0.856,"exactEdge":0.41,"alongEdge":0.601,"bandShare":0.306,"medianRoadDistance":0.4,"bandByEndpointKind":{"dual":{"shared":222,"band":80,"share":0.36036036036036034},"fully-subterranean":{"shared":145,"band":34,"share":0.23448275862068965},"junction":{"shared":209,"band":92,"share":0.44019138755980863}},"histogram":[448,152,37,10],"burgsServed":74}
stdout | src/generators/underground-measure.dom.test.ts:516:1 > measures underground alignment variants
ROW {"seed":"measure-d","variant":"gate-divergence","ms":12,"routes":67,"cells":679,"length":7385,"overlap":0.465,"overlapLand":0.464,"parallel":0.749,"exactEdge":0.174,"alongEdge":0.437,"bandShare":0.278,"medianRoadDistance":0.69,"bandByEndpointKind":{"dual":{"shared":124,"band":55,"share":0.4435483870967742},"fully-subterranean":{"shared":110,"band":24,"share":0.21818181818181817},"junction":{"shared":160,"band":58,"share":0.3625}},"histogram":[316,271,78,14],"burgsServed":74}
stdout | src/generators/underground-measure.dom.test.ts:516:1 > measures underground alignment variants
ROW {"seed":"measure-d","variant":"smoothed-depth","ms":11,"routes":71,"cells":630,"length":6644,"overlap":0.684,"overlapLand":0.683,"parallel":0.843,"exactEdge":0.401,"alongEdge":0.582,"bandShare":0.297,"medianRoadDistance":0.41,"bandByEndpointKind":{"dual":{"shared":170,"band":75,"share":0.4411764705882353},"fully-subterranean":{"shared":152,"band":35,"share":0.23026315789473684},"junction":{"shared":229,"band":82,"share":0.35807860262008734}},"histogram":[431,150,37,12],"burgsServed":73}
stdout | src/generators/underground-measure.dom.test.ts:516:1 > measures underground alignment variants
ROW {"seed":"measure-d","variant":"burg-factor-2","ms":11,"routes":63,"cells":633,"length":6179,"overlap":0.49,"overlapLand":0.488,"parallel":0.776,"exactEdge":0.207,"alongEdge":0.472,"bandShare":0.348,"medianRoadDistance":0.65,"bandByEndpointKind":{"dual":{"shared":115,"band":62,"share":0.5391304347826087},"fully-subterranean":{"shared":120,"band":31,"share":0.25833333333333336},"junction":{"shared":145,"band":61,"share":0.4206896551724138}},"histogram":[310,246,64,13],"burgsServed":73}
stdout | src/generators/underground-measure.dom.test.ts:516:1 > measures underground alignment variants
ROW {"seed":"measure-d","variant":"road-repulsion","ms":11,"routes":68,"cells":626,"length":6536,"overlap":0.399,"overlapLand":0.398,"parallel":0.73,"exactEdge":0.145,"alongEdge":0.425,"bandShare":0.404,"medianRoadDistance":0.8,"bandByEndpointKind":{"dual":{"shared":112,"band":65,"share":0.5803571428571429},"fully-subterranean":{"shared":94,"band":28,"share":0.2978723404255319},"junction":{"shared":123,"band":60,"share":0.4878048780487805}},"histogram":[250,269,90,17],"burgsServed":73}
stdout | src/generators/underground-measure.dom.test.ts:516:1 > measures underground alignment variants
ROW {"seed":"measure-d","variant":"road-repulsion-strong","ms":11,"routes":66,"cells":632,"length":6572,"overlap":0.38,"overlapLand":0.378,"parallel":0.721,"exactEdge":0.128,"alongEdge":0.416,"bandShare":0.396,"medianRoadDistance":0.83,"bandByEndpointKind":{"dual":{"shared":106,"band":59,"share":0.5566037735849056},"fully-subterranean":{"shared":87,"band":26,"share":0.2988505747126437},"junction":{"shared":120,"band":58,"share":0.48333333333333334}},"histogram":[240,277,95,20],"burgsServed":73}
stdout | src/generators/underground-measure.dom.test.ts:516:1 > measures underground alignment variants
ROW {"seed":"measure-d","variant":"longhaul-mst","ms":14,"routes":151,"cells":622,"length":11693,"overlap":0.542,"overlapLand":0.542,"parallel":0.818,"exactEdge":0.278,"alongEdge":0.534,"bandShare":0.561,"medianRoadDistance":0.59,"bandByEndpointKind":{"dual":{"shared":183,"band":67,"share":0.366120218579235},"fully-subterranean":{"shared":132,"band":43,"share":0.32575757575757575},"junction":{"shared":526,"band":285,"share":0.5418250950570342}},"histogram":[337,215,58,12],"burgsServed":78}
stdout | src/generators/underground-measure.dom.test.ts:516:1 > measures underground alignment variants
ROW {"seed":"measure-d","variant":"trunk-spurs-25","ms":13,"routes":151,"cells":598,"length":11277,"overlap":0.493,"overlapLand":0.492,"parallel":0.758,"exactEdge":0.184,"alongEdge":0.371,"bandShare":0.498,"medianRoadDistance":0.69,"bandByEndpointKind":{"dual":{"shared":142,"band":82,"share":0.5774647887323944},"fully-subterranean":{"shared":172,"band":61,"share":0.3546511627906977},"junction":{"shared":480,"band":251,"share":0.5229166666666667}},"histogram":[295,204,87,12],"burgsServed":87}
stdout | src/generators/underground-measure.dom.test.ts:516:1 > measures underground alignment variants
ROW {"seed":"measure-d","variant":"trunk-spurs-10","ms":27,"routes":278,"cells":618,"length":23862,"overlap":0.484,"overlapLand":0.481,"parallel":0.767,"exactEdge":0.199,"alongEdge":0.376,"bandShare":0.589,"medianRoadDistance":0.72,"bandByEndpointKind":{"dual":{"shared":63,"band":37,"share":0.5873015873015873},"fully-subterranean":{"shared":177,"band":29,"share":0.1638418079096045},"junction":{"shared":1444,"band":582,"share":0.40304709141274236}},"histogram":[299,210,92,17],"burgsServed":88}
stdout | src/generators/underground-measure.dom.test.ts:516:1 > measures underground alignment variants
SEED measure-e cells=5892 land=4439 burgs=902 subterranean=90 surfaceRoutes=661 {"roads":12,"trails":536,"searoutes":113} surfaceCells=2753 landRouteCells=1923 productionRoutes=61 longest=114
stdout | src/generators/underground-measure.dom.test.ts:516:1 > measures underground alignment variants
ROW {"seed":"measure-e","variant":"baseline-production","ms":0,"routes":61,"cells":626,"length":6180,"overlap":0.54,"overlapLand":0.534,"parallel":0.824,"exactEdge":0.228,"alongEdge":0.553,"bandShare":0.302,"medianRoadDistance":0.57,"bandByEndpointKind":{"dual":{"shared":92,"band":50,"share":0.5434782608695652},"fully-subterranean":{"shared":80,"band":26,"share":0.325},"junction":{"shared":257,"band":76,"share":0.29571984435797666}},"histogram":[338,230,47,11],"burgsServed":67}
stdout | src/generators/underground-measure.dom.test.ts:516:1 > measures underground alignment variants
ROW {"seed":"measure-e","variant":"debug-real-noprune","ms":14,"routes":61,"cells":626,"length":6180,"overlap":0.54,"overlapLand":0.534,"parallel":0.824,"exactEdge":0.228,"alongEdge":0.553,"bandShare":0.302,"medianRoadDistance":0.57,"bandByEndpointKind":{"dual":{"shared":92,"band":50,"share":0.5434782608695652},"fully-subterranean":{"shared":80,"band":26,"share":0.325},"junction":{"shared":257,"band":76,"share":0.29571984435797666}},"histogram":[338,230,47,11],"burgsServed":67}
stdout | src/generators/underground-measure.dom.test.ts:516:1 > measures underground alignment variants
ROW {"seed":"measure-e","variant":"debug-real-pruned","ms":13,"routes":61,"cells":626,"length":6180,"overlap":0.54,"overlapLand":0.534,"parallel":0.824,"exactEdge":0.228,"alongEdge":0.553,"bandShare":0.302,"medianRoadDistance":0.57,"bandByEndpointKind":{"dual":{"shared":92,"band":50,"share":0.5434782608695652},"fully-subterranean":{"shared":80,"band":26,"share":0.325},"junction":{"shared":257,"band":76,"share":0.29571984435797666}},"histogram":[338,230,47,11],"burgsServed":67}
stdout | src/generators/underground-measure.dom.test.ts:516:1 > measures underground alignment variants
DEBUG replica stages: raw 128 routes/626 cells -> merged 61 routes -> pruned 61 routes/626 cells
stdout | src/generators/underground-measure.dom.test.ts:516:1 > measures underground alignment variants
ROW {"seed":"measure-e","variant":"replica-production","ms":11,"routes":61,"cells":626,"length":6180,"overlap":0.54,"overlapLand":0.534,"parallel":0.824,"exactEdge":0.228,"alongEdge":0.553,"bandShare":0.302,"medianRoadDistance":0.57,"bandByEndpointKind":{"dual":{"shared":92,"band":50,"share":0.5434782608695652},"fully-subterranean":{"shared":80,"band":26,"share":0.325},"junction":{"shared":257,"band":76,"share":0.29571984435797666}},"histogram":[338,230,47,11],"burgsServed":67}
stdout | src/generators/underground-measure.dom.test.ts:516:1 > measures underground alignment variants
ROW {"seed":"measure-e","variant":"no-burg-attraction","ms":11,"routes":60,"cells":644,"length":6140,"overlap":0.561,"overlapLand":0.548,"parallel":0.839,"exactEdge":0.251,"alongEdge":0.553,"bandShare":0.294,"medianRoadDistance":0.55,"bandByEndpointKind":{"dual":{"shared":97,"band":43,"share":0.44329896907216493},"fully-subterranean":{"shared":88,"band":29,"share":0.32954545454545453},"junction":{"shared":279,"band":81,"share":0.2903225806451613}},"histogram":[361,225,48,10],"burgsServed":66}
stdout | src/generators/underground-measure.dom.test.ts:516:1 > measures underground alignment variants
ROW {"seed":"measure-e","variant":"combo-divergence","ms":14,"routes":57,"cells":674,"length":7316,"overlap":0.426,"overlapLand":0.415,"parallel":0.787,"exactEdge":0.108,"alongEdge":0.469,"bandShare":0.272,"medianRoadDistance":0.71,"bandByEndpointKind":{"dual":{"shared":80,"band":38,"share":0.475},"fully-subterranean":{"shared":78,"band":24,"share":0.3076923076923077},"junction":{"shared":222,"band":60,"share":0.2702702702702703}},"histogram":[287,311,63,13],"burgsServed":66}
stdout | src/generators/underground-measure.dom.test.ts:516:1 > measures underground alignment variants
ROW {"seed":"measure-e","variant":"control-point","ms":5,"routes":59,"cells":659,"length":6084,"overlap":0.56,"overlapLand":0.546,"parallel":0.848,"exactEdge":0.248,"alongEdge":0.555,"bandShare":0.287,"medianRoadDistance":0.54,"bandByEndpointKind":{"dual":{"shared":102,"band":46,"share":0.45098039215686275},"fully-subterranean":{"shared":93,"band":29,"share":0.3118279569892473},"junction":{"shared":264,"band":77,"share":0.2916666666666667}},"histogram":[369,237,43,10],"burgsServed":67}
stdout | src/generators/underground-measure.dom.test.ts:516:1 > measures underground alignment variants
ROW {"seed":"measure-e","variant":"control-point-discount","ms":11,"routes":60,"cells":654,"length":6162,"overlap":0.56,"overlapLand":0.547,"parallel":0.848,"exactEdge":0.252,"alongEdge":0.561,"bandShare":0.287,"medianRoadDistance":0.54,"bandByEndpointKind":{"dual":{"shared":97,"band":43,"share":0.44329896907216493},"fully-subterranean":{"shared":93,"band":28,"share":0.3010752688172043},"junction":{"shared":279,"band":81,"share":0.2903225806451613}},"histogram":[366,235,43,10],"burgsServed":66}
stdout | src/generators/underground-measure.dom.test.ts:516:1 > measures underground alignment variants
ROW {"seed":"measure-e","variant":"control-point-burg","ms":5,"routes":62,"cells":652,"length":6368,"overlap":0.69,"overlapLand":0.684,"parallel":0.906,"exactEdge":0.355,"alongEdge":0.623,"bandShare":0.256,"medianRoadDistance":0.37,"bandByEndpointKind":{"dual":{"shared":129,"band":60,"share":0.46511627906976744},"fully-subterranean":{"shared":108,"band":31,"share":0.28703703703703703},"junction":{"shared":315,"band":83,"share":0.2634920634920635}},"histogram":[450,168,28,6],"burgsServed":66}
stdout | src/generators/underground-measure.dom.test.ts:516:1 > measures underground alignment variants
ROW {"seed":"measure-e","variant":"control-point-discount-burg","ms":11,"routes":66,"cells":649,"length":6483,"overlap":0.704,"overlapLand":0.698,"parallel":0.914,"exactEdge":0.356,"alongEdge":0.637,"bandShare":0.26,"medianRoadDistance":0.34,"bandByEndpointKind":{"dual":{"shared":129,"band":60,"share":0.46511627906976744},"fully-subterranean":{"shared":85,"band":28,"share":0.32941176470588235},"junction":{"shared":360,"band":96,"share":0.26666666666666666}},"histogram":[457,167,21,4],"burgsServed":67}
stdout | src/generators/underground-measure.dom.test.ts:516:1 > measures underground alignment variants
ROW {"seed":"measure-e","variant":"gate-divergence","ms":12,"routes":62,"cells":677,"length":7320,"overlap":0.492,"overlapLand":0.484,"parallel":0.817,"exactEdge":0.164,"alongEdge":0.495,"bandShare":0.273,"medianRoadDistance":0.63,"bandByEndpointKind":{"dual":{"shared":82,"band":37,"share":0.45121951219512196},"fully-subterranean":{"shared":60,"band":21,"share":0.35},"junction":{"shared":292,"band":86,"share":0.2945205479452055}},"histogram":[333,275,56,13],"burgsServed":67}
stdout | src/generators/underground-measure.dom.test.ts:516:1 > measures underground alignment variants
ROW {"seed":"measure-e","variant":"smoothed-depth","ms":13,"routes":79,"cells":613,"length":7325,"overlap":0.68,"overlapLand":0.674,"parallel":0.912,"exactEdge":0.353,"alongEdge":0.647,"bandShare":0.302,"medianRoadDistance":0.37,"bandByEndpointKind":{"dual":{"shared":146,"band":50,"share":0.3424657534246575},"fully-subterranean":{"shared":80,"band":26,"share":0.325},"junction":{"shared":418,"band":150,"share":0.3588516746411483}},"histogram":[417,167,25,4],"burgsServed":67}
stdout | src/generators/underground-measure.dom.test.ts:516:1 > measures underground alignment variants
ROW {"seed":"measure-e","variant":"burg-factor-2","ms":12,"routes":58,"cells":630,"length":6093,"overlap":0.516,"overlapLand":0.503,"parallel":0.825,"exactEdge":0.218,"alongEdge":0.544,"bandShare":0.305,"medianRoadDistance":0.6,"bandByEndpointKind":{"dual":{"shared":81,"band":44,"share":0.5432098765432098},"fully-subterranean":{"shared":79,"band":25,"share":0.31645569620253167},"junction":{"shared":256,"band":75,"share":0.29296875}},"histogram":[325,244,50,11],"burgsServed":66}
stdout | src/generators/underground-measure.dom.test.ts:516:1 > measures underground alignment variants
ROW {"seed":"measure-e","variant":"road-repulsion","ms":12,"routes":59,"cells":622,"length":6221,"overlap":0.461,"overlapLand":0.453,"parallel":0.816,"exactEdge":0.16,"alongEdge":0.535,"bandShare":0.314,"medianRoadDistance":0.68,"bandByEndpointKind":{"dual":{"shared":72,"band":42,"share":0.5833333333333334},"fully-subterranean":{"shared":74,"band":25,"share":0.33783783783783783},"junction":{"shared":225,"band":72,"share":0.32}},"histogram":[287,265,54,16],"burgsServed":66}
stdout | src/generators/underground-measure.dom.test.ts:516:1 > measures underground alignment variants
ROW {"seed":"measure-e","variant":"road-repulsion-strong","ms":14,"routes":60,"cells":628,"length":6398,"overlap":0.424,"overlapLand":0.416,"parallel":0.781,"exactEdge":0.127,"alongEdge":0.485,"bandShare":0.346,"medianRoadDistance":0.75,"bandByEndpointKind":{"dual":{"shared":72,"band":42,"share":0.5833333333333334},"fully-subterranean":{"shared":73,"band":24,"share":0.3287671232876712},"junction":{"shared":208,"band":75,"share":0.3605769230769231}},"histogram":[266,272,69,21],"burgsServed":67}
stdout | src/generators/underground-measure.dom.test.ts:516:1 > measures underground alignment variants
ROW {"seed":"measure-e","variant":"longhaul-mst","ms":14,"routes":164,"cells":626,"length":11926,"overlap":0.546,"overlapLand":0.54,"parallel":0.865,"exactEdge":0.244,"alongEdge":0.562,"bandShare":0.629,"medianRoadDistance":0.56,"bandByEndpointKind":{"dual":{"shared":197,"band":81,"share":0.41116751269035534},"fully-subterranean":{"shared":171,"band":51,"share":0.2982456140350877},"junction":{"shared":563,"band":325,"share":0.5772646536412078}},"histogram":[342,226,47,11],"burgsServed":83}
stdout | src/generators/underground-measure.dom.test.ts:516:1 > measures underground alignment variants
ROW {"seed":"measure-e","variant":"trunk-spurs-25","ms":17,"routes":169,"cells":630,"length":12089,"overlap":0.484,"overlapLand":0.483,"parallel":0.808,"exactEdge":0.185,"alongEdge":0.405,"bandShare":0.554,"medianRoadDistance":0.7,"bandByEndpointKind":{"dual":{"shared":146,"band":68,"share":0.4657534246575342},"fully-subterranean":{"shared":99,"band":41,"share":0.41414141414141414},"junction":{"shared":539,"band":313,"share":0.5807050092764379}},"histogram":[305,229,74,22],"burgsServed":90}
stdout | src/generators/underground-measure.dom.test.ts:516:1 > measures underground alignment variants
ROW {"seed":"measure-e","variant":"trunk-spurs-10","ms":37,"routes":332,"cells":585,"length":24893,"overlap":0.503,"overlapLand":0.499,"parallel":0.808,"exactEdge":0.139,"alongEdge":0.421,"bandShare":0.622,"medianRoadDistance":0.7,"bandByEndpointKind":{"dual":{"shared":62,"band":26,"share":0.41935483870967744},"fully-subterranean":{"shared":168,"band":47,"share":0.27976190476190477},"junction":{"shared":1314,"band":705,"share":0.5365296803652968}},"histogram":[294,205,54,32],"burgsServed":90}
stdout | src/generators/underground-measure.dom.test.ts:516:1 > measures underground alignment variants
SEED measure-f cells=6478 land=4526 burgs=874 subterranean=88 surfaceRoutes=610 {"roads":14,"trails":496,"searoutes":100} surfaceCells=2727 landRouteCells=1843 productionRoutes=98 longest=66
stdout | src/generators/underground-measure.dom.test.ts:516:1 > measures underground alignment variants
ROW {"seed":"measure-f","variant":"baseline-production","ms":0,"routes":98,"cells":558,"length":8180,"overlap":0.561,"overlapLand":0.561,"parallel":0.888,"exactEdge":0.401,"alongEdge":0.668,"bandShare":0.502,"medianRoadDistance":0.56,"bandByEndpointKind":{"dual":{"shared":122,"band":38,"share":0.3114754098360656},"fully-subterranean":{"shared":169,"band":39,"share":0.23076923076923078},"junction":{"shared":398,"band":226,"share":0.5678391959798995}},"histogram":[313,187,48,10],"burgsServed":69}
stdout | src/generators/underground-measure.dom.test.ts:516:1 > measures underground alignment variants
ROW {"seed":"measure-f","variant":"debug-real-noprune","ms":15,"routes":98,"cells":558,"length":8180,"overlap":0.561,"overlapLand":0.561,"parallel":0.888,"exactEdge":0.401,"alongEdge":0.668,"bandShare":0.502,"medianRoadDistance":0.56,"bandByEndpointKind":{"dual":{"shared":122,"band":38,"share":0.3114754098360656},"fully-subterranean":{"shared":169,"band":39,"share":0.23076923076923078},"junction":{"shared":398,"band":226,"share":0.5678391959798995}},"histogram":[313,187,48,10],"burgsServed":69}
stdout | src/generators/underground-measure.dom.test.ts:516:1 > measures underground alignment variants
ROW {"seed":"measure-f","variant":"debug-real-pruned","ms":14,"routes":98,"cells":558,"length":8180,"overlap":0.561,"overlapLand":0.561,"parallel":0.888,"exactEdge":0.401,"alongEdge":0.668,"bandShare":0.502,"medianRoadDistance":0.56,"bandByEndpointKind":{"dual":{"shared":122,"band":38,"share":0.3114754098360656},"fully-subterranean":{"shared":169,"band":39,"share":0.23076923076923078},"junction":{"shared":398,"band":226,"share":0.5678391959798995}},"histogram":[313,187,48,10],"burgsServed":69}
stdout | src/generators/underground-measure.dom.test.ts:516:1 > measures underground alignment variants
DEBUG replica stages: raw 238 routes/558 cells -> merged 98 routes -> pruned 98 routes/558 cells
stdout | src/generators/underground-measure.dom.test.ts:516:1 > measures underground alignment variants
ROW {"seed":"measure-f","variant":"replica-production","ms":13,"routes":98,"cells":558,"length":8180,"overlap":0.561,"overlapLand":0.561,"parallel":0.888,"exactEdge":0.401,"alongEdge":0.668,"bandShare":0.502,"medianRoadDistance":0.56,"bandByEndpointKind":{"dual":{"shared":122,"band":38,"share":0.3114754098360656},"fully-subterranean":{"shared":169,"band":39,"share":0.23076923076923078},"junction":{"shared":398,"band":226,"share":0.5678391959798995}},"histogram":[313,187,48,10],"burgsServed":69}
stdout | src/generators/underground-measure.dom.test.ts:516:1 > measures underground alignment variants
ROW {"seed":"measure-f","variant":"no-burg-attraction","ms":12,"routes":80,"cells":572,"length":6958,"overlap":0.594,"overlapLand":0.587,"parallel":0.894,"exactEdge":0.325,"alongEdge":0.617,"bandShare":0.453,"medianRoadDistance":0.49,"bandByEndpointKind":{"dual":{"shared":123,"band":40,"share":0.3252032520325203},"fully-subterranean":{"shared":140,"band":35,"share":0.25},"junction":{"shared":331,"band":164,"share":0.4954682779456193}},"histogram":[340,192,31,9],"burgsServed":68}
stdout | src/generators/underground-measure.dom.test.ts:516:1 > measures underground alignment variants
ROW {"seed":"measure-f","variant":"combo-divergence","ms":14,"routes":72,"cells":644,"length":7995,"overlap":0.43,"overlapLand":0.427,"parallel":0.788,"exactEdge":0.156,"alongEdge":0.487,"bandShare":0.408,"medianRoadDistance":0.71,"bandByEndpointKind":{"dual":{"shared":81,"band":24,"share":0.2962962962962963},"fully-subterranean":{"shared":161,"band":30,"share":0.18633540372670807},"junction":{"shared":219,"band":119,"share":0.54337899543379}},"histogram":[277,288,66,13],"burgsServed":67}
stdout | src/generators/underground-measure.dom.test.ts:516:1 > measures underground alignment variants
ROW {"seed":"measure-f","variant":"control-point","ms":6,"routes":60,"cells":624,"length":6315,"overlap":0.595,"overlapLand":0.59,"parallel":0.901,"exactEdge":0.295,"alongEdge":0.61,"bandShare":0.342,"medianRoadDistance":0.47,"bandByEndpointKind":{"dual":{"shared":108,"band":33,"share":0.3055555555555556},"fully-subterranean":{"shared":225,"band":39,"share":0.17333333333333334},"junction":{"shared":175,"band":99,"share":0.5657142857142857}},"histogram":[371,218,32,3],"burgsServed":66}
stdout | src/generators/underground-measure.dom.test.ts:516:1 > measures underground alignment variants
ROW {"seed":"measure-f","variant":"control-point-discount","ms":11,"routes":79,"cells":566,"length":6887,"overlap":0.599,"overlapLand":0.594,"parallel":0.896,"exactEdge":0.324,"alongEdge":0.624,"bandShare":0.448,"medianRoadDistance":0.49,"bandByEndpointKind":{"dual":{"shared":123,"band":39,"share":0.3170731707317073},"fully-subterranean":{"shared":140,"band":35,"share":0.25},"junction":{"shared":329,"band":163,"share":0.49544072948328266}},"histogram":[339,186,32,9],"burgsServed":68}
stdout | src/generators/underground-measure.dom.test.ts:516:1 > measures underground alignment variants
ROW {"seed":"measure-f","variant":"control-point-burg","ms":5,"routes":79,"cells":621,"length":7383,"overlap":0.733,"overlapLand":0.733,"parallel":0.93,"exactEdge":0.506,"alongEdge":0.707,"bandShare":0.356,"medianRoadDistance":0.31,"bandByEndpointKind":{"dual":{"shared":148,"band":48,"share":0.32432432432432434},"fully-subterranean":{"shared":150,"band":34,"share":0.22666666666666666},"junction":{"shared":419,"band":187,"share":0.44630071599045346}},"histogram":[455,141,22,3],"burgsServed":68}
stdout | src/generators/underground-measure.dom.test.ts:516:1 > measures underground alignment variants
ROW {"seed":"measure-f","variant":"control-point-discount-burg","ms":11,"routes":105,"cells":578,"length":8449,"overlap":0.749,"overlapLand":0.749,"parallel":0.94,"exactEdge":0.54,"alongEdge":0.733,"bandShare":0.43,"medianRoadDistance":0.29,"bandByEndpointKind":{"dual":{"shared":189,"band":54,"share":0.2857142857142857},"fully-subterranean":{"shared":120,"band":37,"share":0.30833333333333335},"junction":{"shared":568,"band":277,"share":0.4876760563380282}},"histogram":[433,124,18,3],"burgsServed":71}
stdout | src/generators/underground-measure.dom.test.ts:516:1 > measures underground alignment variants
ROW {"seed":"measure-f","variant":"gate-divergence","ms":14,"routes":102,"cells":623,"length":9430,"overlap":0.517,"overlapLand":0.517,"parallel":0.849,"exactEdge":0.329,"alongEdge":0.604,"bandShare":0.466,"medianRoadDistance":0.61,"bandByEndpointKind":{"dual":{"shared":121,"band":40,"share":0.3305785123966942},"fully-subterranean":{"shared":219,"band":31,"share":0.1415525114155251},"junction":{"shared":364,"band":212,"share":0.5824175824175825}},"histogram":[322,233,58,10],"burgsServed":68}
stdout | src/generators/underground-measure.dom.test.ts:516:1 > measures underground alignment variants
ROW {"seed":"measure-f","variant":"smoothed-depth","ms":13,"routes":111,"cells":567,"length":8810,"overlap":0.728,"overlapLand":0.728,"parallel":0.941,"exactEdge":0.528,"alongEdge":0.736,"bandShare":0.453,"medianRoadDistance":0.32,"bandByEndpointKind":{"dual":{"shared":189,"band":52,"share":0.2751322751322751},"fully-subterranean":{"shared":118,"band":35,"share":0.2966101694915254},"junction":{"shared":592,"band":293,"share":0.49493243243243246}},"histogram":[413,130,20,4],"burgsServed":70}
stdout | src/generators/underground-measure.dom.test.ts:516:1 > measures underground alignment variants
ROW {"seed":"measure-f","variant":"burg-factor-2","ms":13,"routes":84,"cells":562,"length":7213,"overlap":0.505,"overlapLand":0.505,"parallel":0.858,"exactEdge":0.278,"alongEdge":0.588,"bandShare":0.507,"medianRoadDistance":0.62,"bandByEndpointKind":{"dual":{"shared":104,"band":32,"share":0.3076923076923077},"fully-subterranean":{"shared":134,"band":39,"share":0.291044776119403},"junction":{"shared":298,"band":162,"share":0.5436241610738255}},"histogram":[284,216,51,11],"burgsServed":67}
stdout | src/generators/underground-measure.dom.test.ts:516:1 > measures underground alignment variants
ROW {"seed":"measure-f","variant":"road-repulsion","ms":13,"routes":88,"cells":563,"length":7535,"overlap":0.449,"overlapLand":0.449,"parallel":0.83,"exactEdge":0.232,"alongEdge":0.562,"bandShare":0.549,"medianRoadDistance":0.73,"bandByEndpointKind":{"dual":{"shared":87,"band":30,"share":0.3448275862068966},"fully-subterranean":{"shared":126,"band":39,"share":0.30952380952380953},"junction":{"shared":297,"band":162,"share":0.5454545454545454}},"histogram":[253,225,67,18],"burgsServed":67}
stdout | src/generators/underground-measure.dom.test.ts:516:1 > measures underground alignment variants
ROW {"seed":"measure-f","variant":"road-repulsion-strong","ms":14,"routes":85,"cells":562,"length":7703,"overlap":0.407,"overlapLand":0.407,"parallel":0.809,"exactEdge":0.117,"alongEdge":0.521,"bandShare":0.533,"medianRoadDistance":0.79,"bandByEndpointKind":{"dual":{"shared":86,"band":31,"share":0.36046511627906974},"fully-subterranean":{"shared":123,"band":42,"share":0.34146341463414637},"junction":{"shared":224,"band":123,"share":0.5491071428571429}},"histogram":[229,240,73,20],"burgsServed":67}
stdout | src/generators/underground-measure.dom.test.ts:516:1 > measures underground alignment variants
ROW {"seed":"measure-f","variant":"longhaul-mst","ms":16,"routes":181,"cells":577,"length":13557,"overlap":0.563,"overlapLand":0.563,"parallel":0.878,"exactEdge":0.367,"alongEdge":0.647,"bandShare":0.689,"medianRoadDistance":0.56,"bandByEndpointKind":{"dual":{"shared":103,"band":54,"share":0.5242718446601942},"fully-subterranean":{"shared":178,"band":58,"share":0.3258426966292135},"junction":{"shared":850,"band":457,"share":0.5376470588235294}},"histogram":[325,193,49,10],"burgsServed":77}
stdout | src/generators/underground-measure.dom.test.ts:516:1 > measures underground alignment variants
ROW {"seed":"measure-f","variant":"trunk-spurs-25","ms":12,"routes":177,"cells":535,"length":11298,"overlap":0.533,"overlapLand":0.533,"parallel":0.829,"exactEdge":0.303,"alongEdge":0.526,"bandShare":0.667,"medianRoadDistance":0.62,"bandByEndpointKind":{"dual":{"shared":199,"band":120,"share":0.6030150753768844},"fully-subterranean":{"shared":88,"band":41,"share":0.4659090909090909},"junction":{"shared":625,"band":356,"share":0.5696}},"histogram":[285,178,62,10],"burgsServed":86}
stdout | src/generators/underground-measure.dom.test.ts:516:1 > measures underground alignment variants
ROW {"seed":"measure-f","variant":"trunk-spurs-10","ms":30,"routes":308,"cells":536,"length":21703,"overlap":0.53,"overlapLand":0.53,"parallel":0.815,"exactEdge":0.217,"alongEdge":0.422,"bandShare":0.739,"medianRoadDistance":0.66,"bandByEndpointKind":{"dual":{"shared":361,"band":124,"share":0.34349030470914127},"fully-subterranean":{"shared":64,"band":24,"share":0.375},"junction":{"shared":1196,"band":723,"share":0.6045150501672241}},"histogram":[284,172,57,23],"burgsServed":87}
stdout | src/generators/underground-measure.dom.test.ts:516:1 > measures underground alignment variants
SEED measure-g cells=5581 land=4091 burgs=811 subterranean=82 surfaceRoutes=592 {"roads":9,"trails":494,"searoutes":89} surfaceCells=2501 landRouteCells=1751 productionRoutes=67 longest=60
stdout | src/generators/underground-measure.dom.test.ts:516:1 > measures underground alignment variants
ROW {"seed":"measure-g","variant":"baseline-production","ms":0,"routes":67,"cells":616,"length":6825,"overlap":0.594,"overlapLand":0.591,"parallel":0.853,"exactEdge":0.304,"alongEdge":0.57,"bandShare":0.311,"medianRoadDistance":0.55,"bandByEndpointKind":{"dual":{"shared":118,"band":41,"share":0.3474576271186441},"fully-subterranean":{"shared":72,"band":21,"share":0.2916666666666667},"junction":{"shared":339,"band":114,"share":0.336283185840708}},"histogram":[366,182,48,20],"burgsServed":59}
stdout | src/generators/underground-measure.dom.test.ts:516:1 > measures underground alignment variants
ROW {"seed":"measure-g","variant":"debug-real-noprune","ms":16,"routes":67,"cells":616,"length":6825,"overlap":0.594,"overlapLand":0.591,"parallel":0.853,"exactEdge":0.304,"alongEdge":0.57,"bandShare":0.311,"medianRoadDistance":0.55,"bandByEndpointKind":{"dual":{"shared":118,"band":41,"share":0.3474576271186441},"fully-subterranean":{"shared":72,"band":21,"share":0.2916666666666667},"junction":{"shared":339,"band":114,"share":0.336283185840708}},"histogram":[366,182,48,20],"burgsServed":59}
stdout | src/generators/underground-measure.dom.test.ts:516:1 > measures underground alignment variants
ROW {"seed":"measure-g","variant":"debug-real-pruned","ms":13,"routes":67,"cells":616,"length":6825,"overlap":0.594,"overlapLand":0.591,"parallel":0.853,"exactEdge":0.304,"alongEdge":0.57,"bandShare":0.311,"medianRoadDistance":0.55,"bandByEndpointKind":{"dual":{"shared":118,"band":41,"share":0.3474576271186441},"fully-subterranean":{"shared":72,"band":21,"share":0.2916666666666667},"junction":{"shared":339,"band":114,"share":0.336283185840708}},"histogram":[366,182,48,20],"burgsServed":59}
stdout | src/generators/underground-measure.dom.test.ts:516:1 > measures underground alignment variants
DEBUG replica stages: raw 158 routes/616 cells -> merged 67 routes -> pruned 67 routes/616 cells
stdout | src/generators/underground-measure.dom.test.ts:516:1 > measures underground alignment variants
ROW {"seed":"measure-g","variant":"replica-production","ms":14,"routes":67,"cells":616,"length":6825,"overlap":0.594,"overlapLand":0.591,"parallel":0.853,"exactEdge":0.304,"alongEdge":0.57,"bandShare":0.311,"medianRoadDistance":0.55,"bandByEndpointKind":{"dual":{"shared":118,"band":41,"share":0.3474576271186441},"fully-subterranean":{"shared":72,"band":21,"share":0.2916666666666667},"junction":{"shared":339,"band":114,"share":0.336283185840708}},"histogram":[366,182,48,20],"burgsServed":59}
stdout | src/generators/underground-measure.dom.test.ts:516:1 > measures underground alignment variants
ROW {"seed":"measure-g","variant":"no-burg-attraction","ms":12,"routes":59,"cells":638,"length":6145,"overlap":0.591,"overlapLand":0.585,"parallel":0.869,"exactEdge":0.307,"alongEdge":0.583,"bandShare":0.268,"medianRoadDistance":0.54,"bandByEndpointKind":{"dual":{"shared":120,"band":43,"share":0.35833333333333334},"fully-subterranean":{"shared":89,"band":27,"share":0.30337078651685395},"junction":{"shared":271,"band":80,"share":0.2952029520295203}},"histogram":[377,198,42,21],"burgsServed":61}
stdout | src/generators/underground-measure.dom.test.ts:516:1 > measures underground alignment variants
ROW {"seed":"measure-g","variant":"combo-divergence","ms":14,"routes":57,"cells":667,"length":6997,"overlap":0.432,"overlapLand":0.426,"parallel":0.755,"exactEdge":0.137,"alongEdge":0.434,"bandShare":0.264,"medianRoadDistance":0.74,"bandByEndpointKind":{"dual":{"shared":95,"band":34,"share":0.35789473684210527},"fully-subterranean":{"shared":70,"band":23,"share":0.32857142857142857},"junction":{"shared":208,"band":61,"share":0.2932692307692308}},"histogram":[288,284,74,21],"burgsServed":61}
stdout | src/generators/underground-measure.dom.test.ts:516:1 > measures underground alignment variants
ROW {"seed":"measure-g","variant":"control-point","ms":4,"routes":57,"cells":655,"length":6068,"overlap":0.605,"overlapLand":0.597,"parallel":0.874,"exactEdge":0.31,"alongEdge":0.595,"bandShare":0.26,"medianRoadDistance":0.51,"bandByEndpointKind":{"dual":{"shared":127,"band":43,"share":0.33858267716535434},"fully-subterranean":{"shared":90,"band":27,"share":0.3},"junction":{"shared":270,"band":74,"share":0.2740740740740741}},"histogram":[396,204,38,17],"burgsServed":61}
stdout | src/generators/underground-measure.dom.test.ts:516:1 > measures underground alignment variants
ROW {"seed":"measure-g","variant":"control-point-discount","ms":11,"routes":57,"cells":651,"length":6115,"overlap":0.605,"overlapLand":0.598,"parallel":0.874,"exactEdge":0.314,"alongEdge":0.593,"bandShare":0.261,"medianRoadDistance":0.51,"bandByEndpointKind":{"dual":{"shared":130,"band":44,"share":0.3384615384615385},"fully-subterranean":{"shared":90,"band":27,"share":0.3},"junction":{"shared":271,"band":74,"share":0.2730627306273063}},"histogram":[394,202,38,17],"burgsServed":61}
stdout | src/generators/underground-measure.dom.test.ts:516:1 > measures underground alignment variants
ROW {"seed":"measure-g","variant":"control-point-burg","ms":5,"routes":65,"cells":644,"length":6464,"overlap":0.745,"overlapLand":0.741,"parallel":0.911,"exactEdge":0.444,"alongEdge":0.624,"bandShare":0.269,"medianRoadDistance":0.32,"bandByEndpointKind":{"dual":{"shared":153,"band":56,"share":0.3660130718954248},"fully-subterranean":{"shared":88,"band":32,"share":0.36363636363636365},"junction":{"shared":361,"band":103,"share":0.2853185595567867}},"histogram":[480,134,16,14],"burgsServed":61}
stdout | src/generators/underground-measure.dom.test.ts:516:1 > measures underground alignment variants
ROW {"seed":"measure-g","variant":"control-point-discount-burg","ms":11,"routes":77,"cells":619,"length":7256,"overlap":0.738,"overlapLand":0.735,"parallel":0.901,"exactEdge":0.428,"alongEdge":0.619,"bandShare":0.304,"medianRoadDistance":0.34,"bandByEndpointKind":{"dual":{"shared":183,"band":75,"share":0.4098360655737705},"fully-subterranean":{"shared":95,"band":29,"share":0.30526315789473685},"junction":{"shared":401,"band":125,"share":0.3117206982543641}},"histogram":[457,130,18,14],"burgsServed":62}
stdout | src/generators/underground-measure.dom.test.ts:516:1 > measures underground alignment variants
ROW {"seed":"measure-g","variant":"gate-divergence","ms":14,"routes":62,"cells":657,"length":7278,"overlap":0.507,"overlapLand":0.502,"parallel":0.773,"exactEdge":0.201,"alongEdge":0.48,"bandShare":0.264,"medianRoadDistance":0.66,"bandByEndpointKind":{"dual":{"shared":112,"band":43,"share":0.38392857142857145},"fully-subterranean":{"shared":77,"band":23,"share":0.2987012987012987},"junction":{"shared":263,"band":73,"share":0.27756653992395436}},"histogram":[333,238,64,22],"burgsServed":61}
stdout | src/generators/underground-measure.dom.test.ts:516:1 > measures underground alignment variants
ROW {"seed":"measure-g","variant":"smoothed-depth","ms":12,"routes":77,"cells":606,"length":7125,"overlap":0.739,"overlapLand":0.736,"parallel":0.904,"exactEdge":0.438,"alongEdge":0.62,"bandShare":0.308,"medianRoadDistance":0.35,"bandByEndpointKind":{"dual":{"shared":185,"band":77,"share":0.41621621621621624},"fully-subterranean":{"shared":75,"band":24,"share":0.32},"junction":{"shared":409,"band":127,"share":0.3105134474327628}},"histogram":[448,122,20,16],"burgsServed":62}
stdout | src/generators/underground-measure.dom.test.ts:516:1 > measures underground alignment variants
ROW {"seed":"measure-g","variant":"burg-factor-2","ms":13,"routes":58,"cells":621,"length":6251,"overlap":0.535,"overlapLand":0.53,"parallel":0.828,"exactEdge":0.272,"alongEdge":0.545,"bandShare":0.289,"medianRoadDistance":0.62,"bandByEndpointKind":{"dual":{"shared":116,"band":39,"share":0.33620689655172414},"fully-subterranean":{"shared":73,"band":24,"share":0.3287671232876712},"junction":{"shared":251,"band":79,"share":0.3147410358565737}},"histogram":[332,210,59,20],"burgsServed":60}
stdout | src/generators/underground-measure.dom.test.ts:516:1 > measures underground alignment variants
ROW {"seed":"measure-g","variant":"road-repulsion","ms":14,"routes":59,"cells":615,"length":6564,"overlap":0.48,"overlapLand":0.476,"parallel":0.782,"exactEdge":0.2,"alongEdge":0.496,"bandShare":0.332,"medianRoadDistance":0.73,"bandByEndpointKind":{"dual":{"shared":89,"band":35,"share":0.39325842696629215},"fully-subterranean":{"shared":61,"band":24,"share":0.39344262295081966},"junction":{"shared":251,"band":83,"share":0.33067729083665337}},"histogram":[295,221,71,28],"burgsServed":60}
stdout | src/generators/underground-measure.dom.test.ts:516:1 > measures underground alignment variants
ROW {"seed":"measure-g","variant":"road-repulsion-strong","ms":14,"routes":57,"cells":613,"length":6814,"overlap":0.411,"overlapLand":0.405,"parallel":0.735,"exactEdge":0.155,"alongEdge":0.443,"bandShare":0.349,"medianRoadDistance":0.84,"bandByEndpointKind":{"dual":{"shared":52,"band":27,"share":0.5192307692307693},"fully-subterranean":{"shared":51,"band":23,"share":0.45098039215686275},"junction":{"shared":241,"band":80,"share":0.33195020746887965}},"histogram":[252,244,79,38],"burgsServed":58}
stdout | src/generators/underground-measure.dom.test.ts:516:1 > measures underground alignment variants
ROW {"seed":"measure-g","variant":"longhaul-mst","ms":16,"routes":179,"cells":626,"length":12915,"overlap":0.591,"overlapLand":0.589,"parallel":0.866,"exactEdge":0.319,"alongEdge":0.611,"bandShare":0.6,"medianRoadDistance":0.55,"bandByEndpointKind":{"dual":{"shared":220,"band":74,"share":0.33636363636363636},"fully-subterranean":{"shared":161,"band":41,"share":0.2546583850931677},"junction":{"shared":692,"band":382,"share":0.5520231213872833}},"histogram":[370,186,50,20],"burgsServed":69}
stdout | src/generators/underground-measure.dom.test.ts:516:1 > measures underground alignment variants
ROW {"seed":"measure-g","variant":"trunk-spurs-25","ms":19,"routes":253,"cells":572,"length":18140,"overlap":0.533,"overlapLand":0.528,"parallel":0.895,"exactEdge":0.306,"alongEdge":0.554,"bandShare":0.597,"medianRoadDistance":0.62,"bandByEndpointKind":{"dual":{"shared":99,"band":49,"share":0.494949494949495},"fully-subterranean":{"shared":109,"band":40,"share":0.3669724770642202},"junction":{"shared":1301,"band":563,"share":0.4327440430438125}},"histogram":[305,197,50,20],"burgsServed":82}
stdout | src/generators/underground-measure.dom.test.ts:516:1 > measures underground alignment variants
ROW {"seed":"measure-g","variant":"trunk-spurs-10","ms":33,"routes":381,"cells":568,"length":31272,"overlap":0.518,"overlapLand":0.516,"parallel":0.858,"exactEdge":0.251,"alongEdge":0.515,"bandShare":0.626,"medianRoadDistance":0.66,"bandByEndpointKind":{"dual":{"shared":251,"band":111,"share":0.44223107569721115},"fully-subterranean":{"shared":112,"band":43,"share":0.38392857142857145},"junction":{"shared":2085,"band":845,"share":0.4052757793764988}},"histogram":[294,196,54,24],"burgsServed":82}
stdout | src/generators/underground-measure.dom.test.ts:516:1 > measures underground alignment variants
SEED measure-h cells=5468 land=4119 burgs=835 subterranean=84 surfaceRoutes=554 {"roads":14,"trails":449,"searoutes":91} surfaceCells=2696 landRouteCells=1897 productionRoutes=54 longest=68
stdout | src/generators/underground-measure.dom.test.ts:516:1 > measures underground alignment variants
ROW {"seed":"measure-h","variant":"baseline-production","ms":0,"routes":54,"cells":485,"length":5054,"overlap":0.548,"overlapLand":0.544,"parallel":0.765,"exactEdge":0.271,"alongEdge":0.526,"bandShare":0.346,"medianRoadDistance":0.6,"bandByEndpointKind":{"dual":{"shared":23,"band":19,"share":0.8260869565217391},"fully-subterranean":{"shared":129,"band":42,"share":0.32558139534883723},"junction":{"shared":199,"band":79,"share":0.3969849246231156}},"histogram":[266,157,52,10],"burgsServed":59}
stdout | src/generators/underground-measure.dom.test.ts:516:1 > measures underground alignment variants
ROW {"seed":"measure-h","variant":"debug-real-noprune","ms":12,"routes":54,"cells":485,"length":5054,"overlap":0.548,"overlapLand":0.544,"parallel":0.765,"exactEdge":0.271,"alongEdge":0.526,"bandShare":0.346,"medianRoadDistance":0.6,"bandByEndpointKind":{"dual":{"shared":23,"band":19,"share":0.8260869565217391},"fully-subterranean":{"shared":129,"band":42,"share":0.32558139534883723},"junction":{"shared":199,"band":79,"share":0.3969849246231156}},"histogram":[266,157,52,10],"burgsServed":59}
stdout | src/generators/underground-measure.dom.test.ts:516:1 > measures underground alignment variants
ROW {"seed":"measure-h","variant":"debug-real-pruned","ms":11,"routes":54,"cells":485,"length":5054,"overlap":0.548,"overlapLand":0.544,"parallel":0.765,"exactEdge":0.271,"alongEdge":0.526,"bandShare":0.346,"medianRoadDistance":0.6,"bandByEndpointKind":{"dual":{"shared":23,"band":19,"share":0.8260869565217391},"fully-subterranean":{"shared":129,"band":42,"share":0.32558139534883723},"junction":{"shared":199,"band":79,"share":0.3969849246231156}},"histogram":[266,157,52,10],"burgsServed":59}
stdout | src/generators/underground-measure.dom.test.ts:516:1 > measures underground alignment variants
DEBUG replica stages: raw 119 routes/485 cells -> merged 54 routes -> pruned 54 routes/485 cells
stdout | src/generators/underground-measure.dom.test.ts:516:1 > measures underground alignment variants
ROW {"seed":"measure-h","variant":"replica-production","ms":10,"routes":54,"cells":485,"length":5054,"overlap":0.548,"overlapLand":0.544,"parallel":0.765,"exactEdge":0.271,"alongEdge":0.526,"bandShare":0.346,"medianRoadDistance":0.6,"bandByEndpointKind":{"dual":{"shared":23,"band":19,"share":0.8260869565217391},"fully-subterranean":{"shared":129,"band":42,"share":0.32558139534883723},"junction":{"shared":199,"band":79,"share":0.3969849246231156}},"histogram":[266,157,52,10],"burgsServed":59}
stdout | src/generators/underground-measure.dom.test.ts:516:1 > measures underground alignment variants
ROW {"seed":"measure-h","variant":"no-burg-attraction","ms":9,"routes":51,"cells":487,"length":4830,"overlap":0.548,"overlapLand":0.542,"parallel":0.824,"exactEdge":0.286,"alongEdge":0.569,"bandShare":0.322,"medianRoadDistance":0.57,"bandByEndpointKind":{"dual":{"shared":25,"band":21,"share":0.84},"fully-subterranean":{"shared":136,"band":44,"share":0.3235294117647059},"junction":{"shared":182,"band":67,"share":0.36813186813186816}},"histogram":[267,172,39,9],"burgsServed":60}
stdout | src/generators/underground-measure.dom.test.ts:516:1 > measures underground alignment variants
ROW {"seed":"measure-h","variant":"combo-divergence","ms":10,"routes":54,"cells":516,"length":6022,"overlap":0.415,"overlapLand":0.407,"parallel":0.71,"exactEdge":0.108,"alongEdge":0.397,"bandShare":0.35,"medianRoadDistance":0.78,"bandByEndpointKind":{"dual":{"shared":22,"band":20,"share":0.9090909090909091},"fully-subterranean":{"shared":88,"band":40,"share":0.45454545454545453},"junction":{"shared":189,"band":65,"share":0.3439153439153439}},"histogram":[214,220,62,20],"burgsServed":60}
stdout | src/generators/underground-measure.dom.test.ts:516:1 > measures underground alignment variants
ROW {"seed":"measure-h","variant":"control-point","ms":4,"routes":50,"cells":505,"length":4772,"overlap":0.566,"overlapLand":0.56,"parallel":0.814,"exactEdge":0.308,"alongEdge":0.581,"bandShare":0.308,"medianRoadDistance":0.55,"bandByEndpointKind":{"dual":{"shared":25,"band":21,"share":0.84},"fully-subterranean":{"shared":151,"band":42,"share":0.2781456953642384},"junction":{"shared":178,"band":68,"share":0.38202247191011235}},"histogram":[286,168,41,10],"burgsServed":60}
stdout | src/generators/underground-measure.dom.test.ts:516:1 > measures underground alignment variants
ROW {"seed":"measure-h","variant":"control-point-discount","ms":9,"routes":50,"cells":493,"length":4810,"overlap":0.566,"overlapLand":0.56,"parallel":0.817,"exactEdge":0.317,"alongEdge":0.58,"bandShare":0.315,"medianRoadDistance":0.55,"bandByEndpointKind":{"dual":{"shared":25,"band":21,"share":0.84},"fully-subterranean":{"shared":147,"band":44,"share":0.29931972789115646},"junction":{"shared":185,"band":68,"share":0.3675675675675676}},"histogram":[279,166,38,10],"burgsServed":60}
stdout | src/generators/underground-measure.dom.test.ts:516:1 > measures underground alignment variants
ROW {"seed":"measure-h","variant":"control-point-burg","ms":4,"routes":54,"cells":501,"length":5063,"overlap":0.703,"overlapLand":0.699,"parallel":0.84,"exactEdge":0.451,"alongEdge":0.643,"bandShare":0.276,"medianRoadDistance":0.41,"bandByEndpointKind":{"dual":{"shared":24,"band":20,"share":0.8333333333333334},"fully-subterranean":{"shared":181,"band":45,"share":0.24861878453038674},"junction":{"shared":235,"band":82,"share":0.34893617021276596}},"histogram":[352,105,32,12],"burgsServed":60}
stdout | src/generators/underground-measure.dom.test.ts:516:1 > measures underground alignment variants
ROW {"seed":"measure-h","variant":"control-point-discount-burg","ms":10,"routes":55,"cells":496,"length":5129,"overlap":0.708,"overlapLand":0.704,"parallel":0.844,"exactEdge":0.453,"alongEdge":0.644,"bandShare":0.282,"medianRoadDistance":0.4,"bandByEndpointKind":{"dual":{"shared":24,"band":20,"share":0.8333333333333334},"fully-subterranean":{"shared":181,"band":45,"share":0.24861878453038674},"junction":{"shared":246,"band":88,"share":0.35772357723577236}},"histogram":[351,102,31,12],"burgsServed":59}
stdout | src/generators/underground-measure.dom.test.ts:516:1 > measures underground alignment variants
ROW {"seed":"measure-h","variant":"gate-divergence","ms":10,"routes":57,"cells":527,"length":6001,"overlap":0.499,"overlapLand":0.495,"parallel":0.768,"exactEdge":0.194,"alongEdge":0.474,"bandShare":0.346,"medianRoadDistance":0.67,"bandByEndpointKind":{"dual":{"shared":74,"band":30,"share":0.40540540540540543},"fully-subterranean":{"shared":88,"band":35,"share":0.3977272727272727},"junction":{"shared":199,"band":84,"share":0.4221105527638191}},"histogram":[263,194,53,17],"burgsServed":61}
stdout | src/generators/underground-measure.dom.test.ts:516:1 > measures underground alignment variants
ROW {"seed":"measure-h","variant":"smoothed-depth","ms":11,"routes":57,"cells":492,"length":5155,"overlap":0.671,"overlapLand":0.667,"parallel":0.837,"exactEdge":0.418,"alongEdge":0.621,"bandShare":0.297,"medianRoadDistance":0.45,"bandByEndpointKind":{"dual":{"shared":30,"band":24,"share":0.8},"fully-subterranean":{"shared":170,"band":45,"share":0.2647058823529412},"junction":{"shared":237,"band":90,"share":0.379746835443038}},"histogram":[330,114,36,12],"burgsServed":59}
stdout | src/generators/underground-measure.dom.test.ts:516:1 > measures underground alignment variants
ROW {"seed":"measure-h","variant":"burg-factor-2","ms":11,"routes":52,"cells":489,"length":4961,"overlap":0.497,"overlapLand":0.493,"parallel":0.775,"exactEdge":0.223,"alongEdge":0.515,"bandShare":0.354,"medianRoadDistance":0.65,"bandByEndpointKind":{"dual":{"shared":23,"band":19,"share":0.8260869565217391},"fully-subterranean":{"shared":125,"band":43,"share":0.344},"junction":{"shared":174,"band":72,"share":0.41379310344827586}},"histogram":[243,184,52,10],"burgsServed":60}
stdout | src/generators/underground-measure.dom.test.ts:516:1 > measures underground alignment variants
ROW {"seed":"measure-h","variant":"road-repulsion","ms":11,"routes":55,"cells":485,"length":5292,"overlap":0.433,"overlapLand":0.433,"parallel":0.724,"exactEdge":0.173,"alongEdge":0.471,"bandShare":0.39,"medianRoadDistance":0.75,"bandByEndpointKind":{"dual":{"shared":18,"band":16,"share":0.8888888888888888},"fully-subterranean":{"shared":114,"band":42,"share":0.3684210526315789},"junction":{"shared":169,"band":77,"share":0.4556213017751479}},"histogram":[210,200,62,13],"burgsServed":59}
stdout | src/generators/underground-measure.dom.test.ts:516:1 > measures underground alignment variants
ROW {"seed":"measure-h","variant":"road-repulsion-strong","ms":11,"routes":54,"cells":484,"length":5277,"overlap":0.399,"overlapLand":0.399,"parallel":0.693,"exactEdge":0.139,"alongEdge":0.439,"bandShare":0.42,"medianRoadDistance":0.81,"bandByEndpointKind":{"dual":{"shared":18,"band":16,"share":0.8888888888888888},"fully-subterranean":{"shared":110,"band":43,"share":0.39090909090909093},"junction":{"shared":146,"band":70,"share":0.4794520547945205}},"histogram":[193,206,67,18],"burgsServed":59}
stdout | src/generators/underground-measure.dom.test.ts:516:1 > measures underground alignment variants
ROW {"seed":"measure-h","variant":"longhaul-mst","ms":15,"routes":154,"cells":488,"length":10462,"overlap":0.549,"overlapLand":0.545,"parallel":0.806,"exactEdge":0.29,"alongEdge":0.531,"bandShare":0.664,"medianRoadDistance":0.6,"bandByEndpointKind":{"dual":{"shared":153,"band":90,"share":0.5882352941176471},"fully-subterranean":{"shared":177,"band":52,"share":0.2937853107344633},"junction":{"shared":460,"band":259,"share":0.5630434782608695}},"histogram":[268,158,52,10],"burgsServed":78}
stdout | src/generators/underground-measure.dom.test.ts:516:1 > measures underground alignment variants
ROW {"seed":"measure-h","variant":"trunk-spurs-25","ms":47,"routes":346,"cells":446,"length":24628,"overlap":0.518,"overlapLand":0.518,"parallel":0.832,"exactEdge":0.29,"alongEdge":0.614,"bandShare":0.697,"medianRoadDistance":0.69,"bandByEndpointKind":{"dual":{"shared":43,"band":29,"share":0.6744186046511628},"fully-subterranean":{"shared":112,"band":56,"share":0.5},"junction":{"shared":1650,"band":829,"share":0.5024242424242424}},"histogram":[231,144,51,20],"burgsServed":83}
stdout | src/generators/underground-measure.dom.test.ts:516:1 > measures underground alignment variants
ROW {"seed":"measure-h","variant":"trunk-spurs-10","ms":74,"routes":433,"cells":491,"length":34714,"overlap":0.525,"overlapLand":0.525,"parallel":0.811,"exactEdge":0.262,"alongEdge":0.563,"bandShare":0.69,"medianRoadDistance":0.69,"bandByEndpointKind":{"dual":{"shared":95,"band":46,"share":0.4842105263157895},"fully-subterranean":{"shared":96,"band":24,"share":0.25},"junction":{"shared":2218,"band":1039,"share":0.4684400360685302}},"histogram":[258,154,52,27],"burgsServed":83}
stdout | src/generators/underground-measure.dom.test.ts:516:1 > measures underground alignment variants
AGG {"variant":"baseline-production","seeds":8,"overlap":0.561,"overlapLand":0.558,"parallel":0.832,"exactEdge":0.297,"alongEdge":0.57,"ms":0,"burgsServed":0.737,"bandByEndpointKind":{"dual":{"shared":865,"band":364,"share":0.421},"fully-subterranean":{"shared":783,"band":225,"share":0.287},"junction":{"shared":2076,"band":817,"share":0.394}},"lengthOverlap":0.75,"bandShare":0.342,"medianRoadDistance":0.56,"cells":574,"routes":64,"length":6386,"lengthRatio":1,"dOverlap":0,"dParallel":0,"worstOverlapDelta":0,"bestOverlapDelta":0}
stdout | src/generators/underground-measure.dom.test.ts:516:1 > measures underground alignment variants
AGG {"variant":"debug-real-noprune","seeds":8,"overlap":0.561,"overlapLand":0.558,"parallel":0.832,"exactEdge":0.297,"alongEdge":0.57,"ms":14,"burgsServed":0.737,"bandByEndpointKind":{"dual":{"shared":865,"band":364,"share":0.421},"fully-subterranean":{"shared":783,"band":225,"share":0.287},"junction":{"shared":2076,"band":817,"share":0.394}},"lengthOverlap":0.75,"bandShare":0.342,"medianRoadDistance":0.56,"cells":574,"routes":64,"length":6386,"lengthRatio":1,"dOverlap":0,"dParallel":0,"worstOverlapDelta":0,"bestOverlapDelta":0}
stdout | src/generators/underground-measure.dom.test.ts:516:1 > measures underground alignment variants
AGG {"variant":"debug-real-pruned","seeds":8,"overlap":0.561,"overlapLand":0.558,"parallel":0.832,"exactEdge":0.297,"alongEdge":0.57,"ms":12,"burgsServed":0.737,"bandByEndpointKind":{"dual":{"shared":865,"band":364,"share":0.421},"fully-subterranean":{"shared":783,"band":225,"share":0.287},"junction":{"shared":2076,"band":817,"share":0.394}},"lengthOverlap":0.75,"bandShare":0.342,"medianRoadDistance":0.56,"cells":574,"routes":64,"length":6386,"lengthRatio":1,"dOverlap":0,"dParallel":0,"worstOverlapDelta":0,"bestOverlapDelta":0}
stdout | src/generators/underground-measure.dom.test.ts:516:1 > measures underground alignment variants
AGG {"variant":"replica-production","seeds":8,"overlap":0.561,"overlapLand":0.558,"parallel":0.832,"exactEdge":0.297,"alongEdge":0.57,"ms":12,"burgsServed":0.737,"bandByEndpointKind":{"dual":{"shared":865,"band":364,"share":0.421},"fully-subterranean":{"shared":783,"band":225,"share":0.287},"junction":{"shared":2076,"band":817,"share":0.394}},"lengthOverlap":0.75,"bandShare":0.342,"medianRoadDistance":0.56,"cells":574,"routes":64,"length":6386,"lengthRatio":1,"dOverlap":0,"dParallel":0,"worstOverlapDelta":0,"bestOverlapDelta":0}
stdout | src/generators/underground-measure.dom.test.ts:516:1 > measures underground alignment variants
AGG {"variant":"no-burg-attraction","seeds":8,"overlap":0.579,"overlapLand":0.573,"parallel":0.845,"exactEdge":0.27,"alongEdge":0.56,"ms":11,"burgsServed":0.736,"bandByEndpointKind":{"dual":{"shared":843,"band":313,"share":0.371},"fully-subterranean":{"shared":837,"band":223,"share":0.266},"junction":{"shared":1864,"band":659,"share":0.354}},"lengthOverlap":0.748,"bandShare":0.304,"medianRoadDistance":0.52,"cells":591,"routes":57,"length":5872,"lengthRatio":0.924,"dOverlap":0.018,"dParallel":0.013,"worstOverlapDelta":0.033,"bestOverlapDelta":-0.003}
stdout | src/generators/underground-measure.dom.test.ts:516:1 > measures underground alignment variants
AGG {"variant":"combo-divergence","seeds":8,"overlap":0.408,"overlapLand":0.403,"parallel":0.747,"exactEdge":0.108,"alongEdge":0.427,"ms":13,"burgsServed":0.732,"bandByEndpointKind":{"dual":{"shared":624,"band":259,"share":0.415},"fully-subterranean":{"shared":723,"band":189,"share":0.261},"junction":{"shared":1499,"band":539,"share":0.36}},"lengthOverlap":0.608,"bandShare":0.308,"medianRoadDistance":0.76,"cells":630,"routes":57,"length":7127,"lengthRatio":1.124,"dOverlap":-0.152,"dParallel":-0.086,"worstOverlapDelta":0,"bestOverlapDelta":-0.176}
stdout | src/generators/underground-measure.dom.test.ts:516:1 > measures underground alignment variants
AGG {"variant":"control-point","seeds":8,"overlap":0.59,"overlapLand":0.584,"parallel":0.853,"exactEdge":0.276,"alongEdge":0.572,"ms":4,"burgsServed":0.733,"bandByEndpointKind":{"dual":{"shared":851,"band":311,"share":0.365},"fully-subterranean":{"shared":952,"band":226,"share":0.237},"junction":{"shared":1700,"band":573,"share":0.337}},"lengthOverlap":0.752,"bandShare":0.28,"medianRoadDistance":0.5,"cells":612,"routes":53,"length":5730,"lengthRatio":0.903,"dOverlap":0.029,"dParallel":0.02,"worstOverlapDelta":0.052,"bestOverlapDelta":0}
stdout | src/generators/underground-measure.dom.test.ts:516:1 > measures underground alignment variants
AGG {"variant":"control-point-discount","seeds":8,"overlap":0.589,"overlapLand":0.583,"parallel":0.852,"exactEdge":0.28,"alongEdge":0.574,"ms":10,"burgsServed":0.735,"bandByEndpointKind":{"dual":{"shared":859,"band":311,"share":0.362},"fully-subterranean":{"shared":870,"band":222,"share":0.255},"junction":{"shared":1889,"band":656,"share":0.347}},"lengthOverlap":0.755,"bandShare":0.297,"medianRoadDistance":0.51,"cells":598,"routes":56,"length":5860,"lengthRatio":0.922,"dOverlap":0.029,"dParallel":0.02,"worstOverlapDelta":0.054,"bestOverlapDelta":0}
stdout | src/generators/underground-measure.dom.test.ts:516:1 > measures underground alignment variants
AGG {"variant":"control-point-burg","seeds":8,"overlap":0.728,"overlapLand":0.725,"parallel":0.89,"exactEdge":0.444,"alongEdge":0.648,"ms":5,"burgsServed":0.744,"bandByEndpointKind":{"dual":{"shared":1169,"band":426,"share":0.364},"fully-subterranean":{"shared":942,"band":240,"share":0.255},"junction":{"shared":2392,"band":789,"share":0.33}},"lengthOverlap":0.856,"bandShare":0.274,"medianRoadDistance":0.34,"cells":606,"routes":61,"length":6236,"lengthRatio":0.981,"dOverlap":0.167,"dParallel":0.058,"worstOverlapDelta":0.197,"bestOverlapDelta":0}
stdout | src/generators/underground-measure.dom.test.ts:516:1 > measures underground alignment variants
AGG {"variant":"control-point-discount-burg","seeds":8,"overlap":0.731,"overlapLand":0.729,"parallel":0.893,"exactEdge":0.448,"alongEdge":0.655,"ms":10,"burgsServed":0.751,"bandByEndpointKind":{"dual":{"shared":1245,"band":455,"share":0.365},"fully-subterranean":{"shared":867,"band":234,"share":0.27},"junction":{"shared":2771,"band":987,"share":0.356}},"lengthOverlap":0.865,"bandShare":0.298,"medianRoadDistance":0.34,"cells":590,"routes":69,"length":6612,"lengthRatio":1.035,"dOverlap":0.17,"dParallel":0.061,"worstOverlapDelta":0.195,"bestOverlapDelta":0}
stdout | src/generators/underground-measure.dom.test.ts:516:1 > measures underground alignment variants
AGG {"variant":"gate-divergence","seeds":8,"overlap":0.5,"overlapLand":0.498,"parallel":0.79,"exactEdge":0.203,"alongEdge":0.502,"ms":12,"burgsServed":0.737,"bandByEndpointKind":{"dual":{"shared":817,"band":316,"share":0.387},"fully-subterranean":{"shared":722,"band":180,"share":0.249},"junction":{"shared":2039,"band":729,"share":0.358}},"lengthOverlap":0.699,"bandShare":0.297,"medianRoadDistance":0.64,"cells":626,"routes":64,"length":7392,"lengthRatio":1.159,"dOverlap":-0.06,"dParallel":-0.042,"worstOverlapDelta":0,"bestOverlapDelta":-0.087}
stdout | src/generators/underground-measure.dom.test.ts:516:1 > measures underground alignment variants
AGG {"variant":"smoothed-depth","seeds":8,"overlap":0.714,"overlapLand":0.712,"parallel":0.89,"exactEdge":0.438,"alongEdge":0.648,"ms":12,"burgsServed":0.749,"bandByEndpointKind":{"dual":{"shared":1192,"band":452,"share":0.379},"fully-subterranean":{"shared":778,"band":222,"share":0.285},"junction":{"shared":2926,"band":1053,"share":0.36}},"lengthOverlap":0.856,"bandShare":0.309,"medianRoadDistance":0.36,"cells":578,"routes":72,"length":6754,"lengthRatio":1.056,"dOverlap":0.154,"dParallel":0.057,"worstOverlapDelta":0.175,"bestOverlapDelta":0}
stdout | src/generators/underground-measure.dom.test.ts:516:1 > measures underground alignment variants
AGG {"variant":"burg-factor-2","seeds":8,"overlap":0.516,"overlapLand":0.513,"parallel":0.813,"exactEdge":0.243,"alongEdge":0.532,"ms":12,"burgsServed":0.733,"bandByEndpointKind":{"dual":{"shared":751,"band":314,"share":0.418},"fully-subterranean":{"shared":739,"band":219,"share":0.296},"junction":{"shared":1800,"band":700,"share":0.389}},"lengthOverlap":0.701,"bandShare":0.343,"medianRoadDistance":0.62,"cells":577,"routes":59,"length":6082,"lengthRatio":0.956,"dOverlap":-0.044,"dParallel":-0.019,"worstOverlapDelta":0,"bestOverlapDelta":-0.061}
stdout | src/generators/underground-measure.dom.test.ts:516:1 > measures underground alignment variants
AGG {"variant":"road-repulsion","seeds":8,"overlap":0.439,"overlapLand":0.437,"parallel":0.775,"exactEdge":0.185,"alongEdge":0.491,"ms":12,"burgsServed":0.733,"bandByEndpointKind":{"dual":{"shared":616,"band":293,"share":0.476},"fully-subterranean":{"shared":666,"band":217,"share":0.326},"junction":{"shared":1665,"band":725,"share":0.435}},"lengthOverlap":0.645,"bandShare":0.396,"medianRoadDistance":0.75,"cells":565,"routes":63,"length":6428,"lengthRatio":1.011,"dOverlap":-0.122,"dParallel":-0.058,"worstOverlapDelta":0,"bestOverlapDelta":-0.172}
stdout | src/generators/underground-measure.dom.test.ts:516:1 > measures underground alignment variants
AGG {"variant":"road-repulsion-strong","seeds":8,"overlap":0.401,"overlapLand":0.399,"parallel":0.747,"exactEdge":0.142,"alongEdge":0.455,"ms":12,"burgsServed":0.73,"bandByEndpointKind":{"dual":{"shared":554,"band":277,"share":0.5},"fully-subterranean":{"shared":628,"band":213,"share":0.339},"junction":{"shared":1501,"band":662,"share":0.441}},"lengthOverlap":0.607,"bandShare":0.408,"medianRoadDistance":0.82,"cells":565,"routes":62,"length":6533,"lengthRatio":1.027,"dOverlap":-0.16,"dParallel":-0.086,"worstOverlapDelta":0,"bestOverlapDelta":-0.199}
stdout | src/generators/underground-measure.dom.test.ts:516:1 > measures underground alignment variants
AGG {"variant":"longhaul-mst","seeds":8,"overlap":0.562,"overlapLand":0.56,"parallel":0.857,"exactEdge":0.314,"alongEdge":0.581,"ms":15,"burgsServed":0.894,"bandByEndpointKind":{"dual":{"shared":1434,"band":628,"share":0.438},"fully-subterranean":{"shared":1284,"band":391,"share":0.305},"junction":{"shared":5088,"band":2778,"share":0.546}},"lengthOverlap":0.8,"bandShare":0.629,"medianRoadDistance":0.56,"cells":579,"routes":168,"length":12309,"lengthRatio":1.942,"dOverlap":0.001,"dParallel":0.024,"worstOverlapDelta":0.006,"bestOverlapDelta":-0.004}
stdout | src/generators/underground-measure.dom.test.ts:516:1 > measures underground alignment variants
AGG {"variant":"trunk-spurs-25","seeds":8,"overlap":0.525,"overlapLand":0.524,"parallel":0.837,"exactEdge":0.29,"alongEdge":0.523,"ms":19,"burgsServed":0.993,"bandByEndpointKind":{"dual":{"shared":1141,"band":595,"share":0.521},"fully-subterranean":{"shared":910,"band":357,"share":0.392},"junction":{"shared":6888,"band":3573,"share":0.519}},"lengthOverlap":0.788,"bandShare":0.611,"medianRoadDistance":0.64,"cells":549,"routes":209,"length":14529,"lengthRatio":2.367,"dOverlap":-0.035,"dParallel":0.005,"worstOverlapDelta":0.005,"bestOverlapDelta":-0.061}
stdout | src/generators/underground-measure.dom.test.ts:516:1 > measures underground alignment variants
AGG {"variant":"trunk-spurs-10","seeds":8,"overlap":0.527,"overlapLand":0.525,"parallel":0.832,"exactEdge":0.263,"alongEdge":0.494,"ms":36,"burgsServed":0.993,"bandByEndpointKind":{"dual":{"shared":1480,"band":586,"share":0.396},"fully-subterranean":{"shared":888,"band":256,"share":0.288},"junction":{"shared":13658,"band":6214,"share":0.455}},"lengthOverlap":0.791,"bandShare":0.643,"medianRoadDistance":0.66,"cells":561,"routes":336,"length":26828,"lengthRatio":4.319,"dOverlap":-0.034,"dParallel":0,"worstOverlapDelta":0.011,"bestOverlapDelta":-0.077}
 ✓ |chromium| src/generators/underground-measure.dom.test.ts (1 test) 5839ms
   ✓ measures underground alignment variants  5838ms

 Test Files  1 passed (1)
      Tests  1 passed (1)
   Start at  10:41:04
   Duration  9.52s (transform 0ms, setup 0ms, import 147ms, tests 5.84s, environment 0ms)

npm notice
npm notice New minor version of npm available! 12.0.2 -> 12.1.0
npm notice Changelog: https://github.com/npm/cli/releases/tag/v12.1.0
npm notice To update run: npm install -g npm@12.1.0
npm notice
